Cygnus,Progress,Kounotori,Dragon,71,|[79.85881161236424, 81.81636217948717]|
CL1#96,CL1#73,CL1#16,CL1#22,CL1#60,CL1#86,CL1#29,CL1#36,CL1#82,CL1#100,CL1#93
CL1#66,CL1#91,CL1#6,CL1#30,CL1#87,CL1#25,CL1#13,CL1#57,CL1#43,CL1#34,CL1#88,CL1#32,CL1#27
CL1#70,CL1#80,CL1#67,CL1#53,CL1#47,CL1#31,CL1#33,CL1#11,CL1#65,CL1#52,CL1#95,CL1#58,CL1#3,CL1#97,CL1#84,CL1#56,CL1#1,CL1#38,CL1#77,CL1#63,CL1#24,CL1#44,CL1#76,CL1#28,CL1#18,CL1#72
CL1#69,CL1#42,CL1#75,CL1#94,CL1#15,CL1#46,CL1#35,CL1#14,CL1#71,CL1#99,CL1#78,CL1#48,CL1#64,CL1#74,CL1#68,CL1#51,CL1#54,CL1#2,CL1#41,CL1#21,CL1#85
Cygnus,Progress,Kounotori,Dragon,72,|[80.60292536897799, 82.40168269230769]|
CL1#96,CL1#73,CL1#22,CL1#60,CL1#86,CL1#29,CL1#36,CL1#82,CL1#100,CL1#93,CL1#12,CL1#59
CL1#66,CL1#91,CL1#6,CL1#30,CL1#87,CL1#25,CL1#13,CL1#57,CL1#34,CL1#88,CL1#32,CL1#27,CL1#49
CL1#70,CL1#80,CL1#67,CL1#53,CL1#47,CL1#31,CL1#33,CL1#11,CL1#65,CL1#52,CL1#95,CL1#58,CL1#3,CL1#97,CL1#84,CL1#56,CL1#1,CL1#77,CL1#63,CL1#24,CL1#44,CL1#76,CL1#28,CL1#18,CL1#72,CL1#89
CL1#69,CL1#42,CL1#75,CL1#94,CL1#15,CL1#46,CL1#35,CL1#14,CL1#71,CL1#99,CL1#78,CL1#48,CL1#64,CL1#74,CL1#68,CL1#51,CL1#54,CL1#2,CL1#41,CL1#21,CL1#85
Cygnus,Progress,Kounotori,Dragon,72,|[80.90685394040656, 81.88270833333333]|
CL1#73,CL1#22,CL1#60,CL1#86,CL1#29,CL1#36,CL1#82,CL1#100,CL1#93,CL1#12,CL1#59,CL1#92
CL1#66,CL1#91,CL1#6,CL1#30,CL1#87,CL1#25,CL1#13,CL1#57,CL1#34,CL1#88,CL1#32,CL1#27,CL1#49
CL1#70,CL1#80,CL1#53,CL1#47,CL1#31,CL1#33,CL1#65,CL1#52,CL1#95,CL1#58,CL1#3,CL1#97,CL1#84,CL1#56,CL1#1,CL1#77,CL1#63,CL1#24,CL1#44,CL1#76,CL1#28,CL1#18,CL1#72,CL1#89,CL1#9,CL1#7
CL1#69,CL1#42,CL1#75,CL1#94,CL1#15,CL1#46,CL1#35,CL1#14,CL1#71,CL1#99,CL1#78,CL1#48,CL1#64,CL1#74,CL1#68,CL1#51,CL1#2,CL1#21,CL1#85,CL1#5,CL1#54
Cygnus,Progress,Kounotori,Dragon,73,|[82.34099415204678, 81.58475961538463]|
CL1#22,CL1#60,CL1#86,CL1#29,CL1#82,CL1#100,CL1#93,CL1#12,CL1#59,CL1#92,CL1#90,CL1#73,CL1#79
CL1#66,CL1#91,CL1#6,CL1#30,CL1#87,CL1#25,CL1#13,CL1#57,CL1#34,CL1#88,CL1#32,CL1#27,CL1#49
CL1#70,CL1#80,CL1#47,CL1#31,CL1#33,CL1#65,CL1#52,CL1#95,CL1#58,CL1#3,CL1#97,CL1#84,CL1#56,CL1#1,CL1#77,CL1#63,CL1#24,CL1#44,CL1#76,CL1#28,CL1#18,CL1#72,CL1#89,CL1#9,CL1#7,CL1#67
CL1#69,CL1#42,CL1#75,CL1#94,CL1#15,CL1#46,CL1#35,CL1#71,CL1#99,CL1#78,CL1#48,CL1#64,CL1#74,CL1#68,CL1#51,CL1#2,CL1#21,CL1#85,CL1#5,CL1#54,CL1#53
Cygnus,Progress,Kounotori,Dragon,73,|[82.7860470620997, 80.8735096153846]|
CL1#22,CL1#60,CL1#86,CL1#29,CL1#82,CL1#100,CL1#93,CL1#12,CL1#59,CL1#92,CL1#90,CL1#79,CL1#43
CL1#66,CL1#91,CL1#6,CL1#30,CL1#87,CL1#25,CL1#13,CL1#57,CL1#34,CL1#88,CL1#32,CL1#27,CL1#49
CL1#70,CL1#80,CL1#47,CL1#31,CL1#33,CL1#65,CL1#52,CL1#95,CL1#58,CL1#3,CL1#97,CL1#84,CL1#56,CL1#1,CL1#77,CL1#63,CL1#24,CL1#44,CL1#76,CL1#28,CL1#18,CL1#72,CL1#89,CL1#9,CL1#7,CL1#67
CL1#69,CL1#42,CL1#75,CL1#94,CL1#15,CL1#46,CL1#35,CL1#71,CL1#99,CL1#78,CL1#48,CL1#64,CL1#74,CL1#68,CL1#51,CL1#2,CL1#21,CL1#85,CL1#5,CL1#54,CL1#45
Cygnus,Progress,Kounotori,Dragon,75,|[83.7522716513506, 82.55168269230768]|
CL1#22,CL1#60,CL1#86,CL1#29,CL1#82,CL1#100,CL1#93,CL1#12,CL1#92,CL1#90,CL1#79,CL1#43,CL1#96
CL1#66,CL1#91,CL1#6,CL1#30,CL1#87,CL1#25,CL1#13,CL1#57,CL1#88,CL1#32,CL1#27,CL1#49,CL1#97,CL1#81
CL1#70,CL1#80,CL1#47,CL1#31,CL1#65,CL1#52,CL1#95,CL1#58,CL1#3,CL1#84,CL1#56,CL1#1,CL1#77,CL1#63,CL1#24,CL1#44,CL1#76,CL1#18,CL1#72,CL1#89,CL1#9,CL1#7,CL1#67,CL1#40,CL1#73,CL1#59,CL1#11
CL1#69,CL1#42,CL1#75,CL1#94,CL1#15,CL1#46,CL1#35,CL1#71,CL1#99,CL1#78,CL1#48,CL1#64,CL1#74,CL1#68,CL1#51,CL1#2,CL1#21,CL1#85,CL1#5,CL1#54,CL1#45
Cygnus,Progress,Kounotori,Dragon,75,|[82.84042954608744, 82.6858173076923]|
CL1#22,CL1#60,CL1#86,CL1#29,CL1#82,CL1#100,CL1#93,CL1#12,CL1#92,CL1#90,CL1#79,CL1#43,CL1#96
CL1#66,CL1#91,CL1#6,CL1#30,CL1#87,CL1#25,CL1#13,CL1#57,CL1#88,CL1#32,CL1#27,CL1#49,CL1#81,CL1#53
CL1#70,CL1#80,CL1#47,CL1#31,CL1#65,CL1#52,CL1#95,CL1#58,CL1#3,CL1#84,CL1#56,CL1#1,CL1#77,CL1#63,CL1#24,CL1#44,CL1#76,CL1#18,CL1#72,CL1#89,CL1#9,CL1#7,CL1#67,CL1#40,CL1#73,CL1#11,CL1#10
CL1#69,CL1#42,CL1#75,CL1#94,CL1#15,CL1#46,CL1#35,CL1#71,CL1#99,CL1#78,CL1#48,CL1#64,CL1#74,CL1#68,CL1#51,CL1#2,CL1#21,CL1#85,CL1#5,CL1#54,CL1#45
Cygnus,Progress,Kounotori,Dragon,75,|[82.35400097465887, 83.15258012820513]|
CL1#22,CL1#60,CL1#86,CL1#29,CL1#82,CL1#100,CL1#93,CL1#12,CL1#92,CL1#90,CL1#79,CL1#43,CL1#96
CL1#66,CL1#91,CL1#6,CL1#30,CL1#87,CL1#25,CL1#13,CL1#57,CL1#88,CL1#32,CL1#27,CL1#49,CL1#81,CL1#53
CL1#70,CL1#80,CL1#47,CL1#65,CL1#52,CL1#95,CL1#58,CL1#3,CL1#84,CL1#56,CL1#1,CL1#77,CL1#63,CL1#24,CL1#44,CL1#76,CL1#18,CL1#72,CL1#89,CL1#9,CL1#7,CL1#67,CL1#40,CL1#73,CL1#10,CL1#28,CL1#55
CL1#69,CL1#42,CL1#75,CL1#94,CL1#15,CL1#46,CL1#35,CL1#71,CL1#99,CL1#78,CL1#64,CL1#68,CL1#51,CL1#21,CL1#85,CL1#5,CL1#54,CL1#45,CL1#14,CL1#17,CL1#97
Cygnus,Progress,Kounotori,Dragon,76,|[84.6301851851852, 83.37591346153845]|
CL1#22,CL1#60,CL1#86,CL1#29,CL1#82,CL1#100,CL1#93,CL1#12,CL1#92,CL1#90,CL1#79,CL1#43,CL1#96
CL1#66,CL1#91,CL1#30,CL1#87,CL1#25,CL1#13,CL1#57,CL1#88,CL1#27,CL1#81,CL1#53,CL1#26,CL1#59,CL1#6,CL1#74
CL1#70,CL1#80,CL1#47,CL1#65,CL1#52,CL1#95,CL1#58,CL1#3,CL1#84,CL1#56,CL1#1,CL1#77,CL1#63,CL1#24,CL1#44,CL1#76,CL1#18,CL1#72,CL1#89,CL1#9,CL1#7,CL1#67,CL1#40,CL1#73,CL1#10,CL1#28,CL1#55
CL1#69,CL1#42,CL1#75,CL1#94,CL1#15,CL1#46,CL1#35,CL1#71,CL1#99,CL1#78,CL1#64,CL1#68,CL1#51,CL1#21,CL1#85,CL1#54,CL1#45,CL1#14,CL1#17,CL1#97,CL1#38
Cygnus,Progress,Kounotori,Dragon,76,|[84.77870788081314, 82.65501602564103]|
CL1#60,CL1#86,CL1#29,CL1#82,CL1#100,CL1#93,CL1#12,CL1#92,CL1#90,CL1#79,CL1#43,CL1#67,CL1#61
CL1#66,CL1#91,CL1#30,CL1#87,CL1#25,CL1#13,CL1#57,CL1#27,CL1#81,CL1#53,CL1#26,CL1#59,CL1#6,CL1#74,CL1#20
CL1#70,CL1#80,CL1#47,CL1#65,CL1#52,CL1#95,CL1#58,CL1#3,CL1#84,CL1#56,CL1#1,CL1#77,CL1#63,CL1#24,CL1#44,CL1#76,CL1#18,CL1#72,CL1#89,CL1#9,CL1#7,CL1#40,CL1#73,CL1#10,CL1#28,CL1#55,CL1#49
CL1#69,CL1#42,CL1#75,CL1#94,CL1#15,CL1#46,CL1#35,CL1#71,CL1#99,CL1#78,CL1#64,CL1#68,CL1#51,CL1#21,CL1#85,CL1#54,CL1#45,CL1#14,CL1#17,CL1#38,CL1#96
Cygnus,Progress,Kounotori,Dragon,76,|[84.51620788081314, 82.8379326923077]|
CL1#60,CL1#86,CL1#29,CL1#82,CL1#100,CL1#93,CL1#12,CL1#92,CL1#90,CL1#79,CL1#43,CL1#61,CL1#67
CL1#66,CL1#91,CL1#30,CL1#87,CL1#25,CL1#13,CL1#57,CL1#27,CL1#81,CL1#53,CL1#26,CL1#59,CL1#6,CL1#74,CL1#20
CL1#70,CL1#80,CL1#47,CL1#65,CL1#52,CL1#95,CL1#58,CL1#3,CL1#84,CL1#56,CL1#1,CL1#77,CL1#63,CL1#24,CL1#44,CL1#76,CL1#18,CL1#72,CL1#89,CL1#9,CL1#7,CL1#40,CL1#73,CL1#10,CL1#28,CL1#55,CL1#49
CL1#69,CL1#42,CL1#75,CL1#94,CL1#15,CL1#46,CL1#35,CL1#71,CL1#99,CL1#78,CL1#64,CL1#68,CL1#51,CL1#21,CL1#85,CL1#54,CL1#45,CL1#14,CL1#17,CL1#38,CL1#16
Cygnus,Progress,Kounotori,Dragon,76,|[84.46726608187134, 82.8704326923077]|
CL1#60,CL1#86,CL1#29,CL1#82,CL1#100,CL1#93,CL1#12,CL1#92,CL1#90,CL1#79,CL1#43,CL1#61,CL1#48
CL1#66,CL1#91,CL1#30,CL1#87,CL1#25,CL1#13,CL1#57,CL1#27,CL1#81,CL1#53,CL1#26,CL1#59,CL1#6,CL1#74,CL1#20
CL1#70,CL1#80,CL1#47,CL1#65,CL1#52,CL1#95,CL1#58,CL1#3,CL1#84,CL1#56,CL1#1,CL1#77,CL1#63,CL1#24,CL1#44,CL1#76,CL1#18,CL1#72,CL1#89,CL1#9,CL1#7,CL1#40,CL1#73,CL1#10,CL1#28,CL1#55,CL1#49
CL1#69,CL1#42,CL1#75,CL1#94,CL1#15,CL1#46,CL1#35,CL1#71,CL1#99,CL1#78,CL1#64,CL1#68,CL1#51,CL1#21,CL1#85,CL1#54,CL1#45,CL1#14,CL1#17,CL1#38,CL1#16
Cygnus,Progress,Kounotori,Dragon,76,|[84.36890142021721, 82.49177884615385]|
CL1#60,CL1#86,CL1#29,CL1#82,CL1#100,CL1#93,CL1#12,CL1#92,CL1#90,CL1#79,CL1#43,CL1#61,CL1#48
CL1#66,CL1#91,CL1#87,CL1#25,CL1#13,CL1#57,CL1#81,CL1#53,CL1#26,CL1#59,CL1#6,CL1#74,CL1#20,CL1#37,CL1#67
CL1#70,CL1#80,CL1#47,CL1#52,CL1#95,CL1#58,CL1#3,CL1#84,CL1#56,CL1#1,CL1#77,CL1#63,CL1#24,CL1#44,CL1#76,CL1#18,CL1#72,CL1#89,CL1#9,CL1#7,CL1#40,CL1#73,CL1#10,CL1#28,CL1#55,CL1#49,CL1#11
CL1#69,CL1#42,CL1#75,CL1#94,CL1#15,CL1#46,CL1#35,CL1#71,CL1#99,CL1#78,CL1#64,CL1#68,CL1#51,CL1#21,CL1#85,CL1#54,CL1#14,CL1#38,CL1#16,CL1#23,CL1#32
Cygnus,Progress,Kounotori,Dragon,77,|[84.89354427736008, 84.139375]|
CL1#60,CL1#86,CL1#29,CL1#82,CL1#100,CL1#93,CL1#12,CL1#92,CL1#90,CL1#79,CL1#61,CL1#48,CL1#43
CL1#66,CL1#91,CL1#87,CL1#25,CL1#13,CL1#57,CL1#81,CL1#53,CL1#26,CL1#59,CL1#6,CL1#74,CL1#20,CL1#37,CL1#67
CL1#70,CL1#80,CL1#47,CL1#95,CL1#58,CL1#3,CL1#84,CL1#56,CL1#1,CL1#63,CL1#24,CL1#44,CL1#76,CL1#18,CL1#72,CL1#89,CL1#9,CL1#7,CL1#40,CL1#73,CL1#10,CL1#28,CL1#55,CL1#49,CL1#11,CL1#17,CL1#65,CL1#69
CL1#42,CL1#75,CL1#15,CL1#46,CL1#35,CL1#71,CL1#99,CL1#78,CL1#64,CL1#68,CL1#51,CL1#21,CL1#85,CL1#54,CL1#14,CL1#38,CL1#16,CL1#23,CL1#32,CL1#41,CL1#94
Cygnus,Progress,Kounotori,Dragon,77,|[84.72820036201615, 84.25312500000001]|
CL1#60,CL1#86,CL1#29,CL1#82,CL1#100,CL1#93,CL1#12,CL1#92,CL1#90,CL1#79,CL1#61,CL1#48,CL1#45
CL1#66,CL1#91,CL1#87,CL1#25,CL1#13,CL1#57,CL1#81,CL1#53,CL1#26,CL1#59,CL1#6,CL1#74,CL1#20,CL1#37,CL1#67
CL1#70,CL1#80,CL1#47,CL1#95,CL1#58,CL1#3,CL1#84,CL1#56,CL1#1,CL1#63,CL1#24,CL1#44,CL1#76,CL1#18,CL1#72,CL1#89,CL1#9,CL1#7,CL1#40,CL1#73,CL1#10,CL1#28,CL1#55,CL1#49,CL1#11,CL1#17,CL1#65,CL1#69
CL1#42,CL1#75,CL1#15,CL1#46,CL1#35,CL1#71,CL1#99,CL1#78,CL1#64,CL1#68,CL1#51,CL1#21,CL1#85,CL1#54,CL1#14,CL1#38,CL1#16,CL1#23,CL1#32,CL1#41,CL1#94
Cygnus,Progress,Kounotori,Dragon,77,|[84.37535644667224, 83.7179326923077]|
CL1#86,CL1#29,CL1#82,CL1#93,CL1#12,CL1#92,CL1#90,CL1#79,CL1#61,CL1#48,CL1#45,CL1#18,CL1#98
CL1#66,CL1#91,CL1#87,CL1#25,CL1#13,CL1#57,CL1#81,CL1#53,CL1#26,CL1#59,CL1#6,CL1#74,CL1#20,CL1#37,CL1#67
CL1#70,CL1#80,CL1#47,CL1#95,CL1#58,CL1#3,CL1#84,CL1#56,CL1#1,CL1#63,CL1#24,CL1#76,CL1#72,CL1#89,CL1#9,CL1#7,CL1#40,CL1#73,CL1#10,CL1#28,CL1#55,CL1#49,CL1#11,CL1#17,CL1#65,CL1#69,CL1#36,CL1#60
CL1#42,CL1#75,CL1#15,CL1#46,CL1#35,CL1#71,CL1#99,CL1#78,CL1#64,CL1#68,CL1#51,CL1#21,CL1#85,CL1#54,CL1#14,CL1#38,CL1#16,CL1#23,CL1#32,CL1#41,CL1#94
Cygnus,Progress,Kounotori,Dragon,77,|[84.36272417153998, 83.63033653846153]|
CL1#86,CL1#82,CL1#93,CL1#12,CL1#92,CL1#90,CL1#79,CL1#61,CL1#48,CL1#45,CL1#18,CL1#98,CL1#100
CL1#66,CL1#91,CL1#87,CL1#25,CL1#13,CL1#57,CL1#81,CL1#53,CL1#26,CL1#59,CL1#6,CL1#74,CL1#20,CL1#37,CL1#67
CL1#70,CL1#80,CL1#47,CL1#95,CL1#58,CL1#84,CL1#56,CL1#1,CL1#63,CL1#24,CL1#76,CL1#72,CL1#89,CL1#9,CL1#7,CL1#40,CL1#73,CL1#10,CL1#28,CL1#55,CL1#49,CL1#11,CL1#17,CL1#65,CL1#69,CL1#36,CL1#60,CL1#77
CL1#42,CL1#75,CL1#15,CL1#46,CL1#35,CL1#71,CL1#99,CL1#78,CL1#64,CL1#68,CL1#51,CL1#85,CL1#54,CL1#14,CL1#16,CL1#23,CL1#32,CL1#94,CL1#3,CL1#41,CL1#50
Cygnus,Progress,Kounotori,Dragon,78,|[85.166037315511, 85.30208333333333]|
CL1#86,CL1#82,CL1#93,CL1#92,CL1#90,CL1#79,CL1#61,CL1#48,CL1#45,CL1#18,CL1#98,CL1#100,CL1#81,CL1#15
CL1#66,CL1#91,CL1#87,CL1#25,CL1#13,CL1#57,CL1#53,CL1#26,CL1#59,CL1#6,CL1#74,CL1#20,CL1#37,CL1#67,CL1#97
CL1#70,CL1#80,CL1#47,CL1#95,CL1#58,CL1#84,CL1#56,CL1#1,CL1#63,CL1#24,CL1#76,CL1#72,CL1#89,CL1#7,CL1#40,CL1#73,CL1#10,CL1#28,CL1#55,CL1#49,CL1#11,CL1#17,CL1#65,CL1#69,CL1#36,CL1#60,CL1#77,CL1#2
CL1#42,CL1#75,CL1#46,CL1#35,CL1#71,CL1#99,CL1#78,CL1#64,CL1#68,CL1#51,CL1#85,CL1#54,CL1#14,CL1#16,CL1#23,CL1#32,CL1#94,CL1#3,CL1#41,CL1#38,CL1#8
Cygnus,Progress,Kounotori,Dragon,78,|[85.97192355889725, 84.41051282051282]|
CL1#86,CL1#82,CL1#93,CL1#92,CL1#90,CL1#79,CL1#61,CL1#48,CL1#18,CL1#98,CL1#100,CL1#81,CL1#15,CL1#33
CL1#66,CL1#91,CL1#87,CL1#13,CL1#57,CL1#53,CL1#26,CL1#59,CL1#6,CL1#74,CL1#37,CL1#67,CL1#97,CL1#19,CL1#55
CL1#70,CL1#80,CL1#47,CL1#95,CL1#58,CL1#84,CL1#56,CL1#1,CL1#63,CL1#24,CL1#76,CL1#72,CL1#89,CL1#7,CL1#40,CL1#73,CL1#10,CL1#28,CL1#49,CL1#11,CL1#17,CL1#65,CL1#69,CL1#36,CL1#60,CL1#2,CL1#77,CL1#43
CL1#42,CL1#75,CL1#46,CL1#35,CL1#71,CL1#99,CL1#78,CL1#64,CL1#68,CL1#51,CL1#85,CL1#54,CL1#14,CL1#16,CL1#23,CL1#32,CL1#94,CL1#3,CL1#41,CL1#38,CL1#8
Cygnus,Progress,Kounotori,Dragon,78,|[85.89878167641325, 84.45001602564103]|
CL1#86,CL1#82,CL1#93,CL1#92,CL1#90,CL1#79,CL1#61,CL1#18,CL1#98,CL1#100,CL1#81,CL1#15,CL1#33,CL1#52
CL1#91,CL1#87,CL1#13,CL1#57,CL1#53,CL1#26,CL1#59,CL1#74,CL1#37,CL1#67,CL1#97,CL1#19,CL1#55,CL1#45,CL1#6
CL1#70,CL1#80,CL1#47,CL1#95,CL1#58,CL1#84,CL1#56,CL1#1,CL1#63,CL1#24,CL1#76,CL1#72,CL1#89,CL1#7,CL1#40,CL1#73,CL1#10,CL1#28,CL1#49,CL1#11,CL1#65,CL1#69,CL1#36,CL1#60,CL1#2,CL1#77,CL1#43,CL1#88
CL1#42,CL1#75,CL1#46,CL1#35,CL1#71,CL1#99,CL1#64,CL1#68,CL1#51,CL1#85,CL1#54,CL1#14,CL1#16,CL1#23,CL1#32,CL1#94,CL1#3,CL1#41,CL1#38,CL1#8,CL1#17
Cygnus,Progress,Kounotori,Dragon,78,|[85.35323447507658, 83.32209935897437]|
CL1#86,CL1#93,CL1#92,CL1#90,CL1#79,CL1#61,CL1#18,CL1#98,CL1#100,CL1#81,CL1#15,CL1#52,CL1#78,CL1#4
CL1#91,CL1#87,CL1#13,CL1#57,CL1#53,CL1#26,CL1#59,CL1#74,CL1#67,CL1#97,CL1#19,CL1#55,CL1#45,CL1#6,CL1#48
CL1#70,CL1#80,CL1#47,CL1#95,CL1#58,CL1#84,CL1#56,CL1#1,CL1#63,CL1#24,CL1#76,CL1#72,CL1#89,CL1#7,CL1#40,CL1#73,CL1#10,CL1#28,CL1#49,CL1#11,CL1#65,CL1#69,CL1#36,CL1#60,CL1#2,CL1#77,CL1#43,CL1#88
CL1#42,CL1#75,CL1#46,CL1#71,CL1#99,CL1#64,CL1#68,CL1#51,CL1#85,CL1#54,CL1#14,CL1#16,CL1#32,CL1#94,CL1#3,CL1#41,CL1#38,CL1#8,CL1#17,CL1#23,CL1#21
Cygnus,Progress,Kounotori,Dragon,78,|[85.23573447507658, 83.36626602564102]|
CL1#86,CL1#93,CL1#92,CL1#90,CL1#79,CL1#61,CL1#18,CL1#98,CL1#100,CL1#81,CL1#15,CL1#52,CL1#78,CL1#4
CL1#91,CL1#87,CL1#13,CL1#57,CL1#53,CL1#26,CL1#59,CL1#74,CL1#67,CL1#97,CL1#19,CL1#55,CL1#45,CL1#6,CL1#48
CL1#70,CL1#80,CL1#47,CL1#95,CL1#58,CL1#84,CL1#56,CL1#1,CL1#63,CL1#24,CL1#76,CL1#72,CL1#89,CL1#7,CL1#40,CL1#73,CL1#10,CL1#28,CL1#49,CL1#11,CL1#65,CL1#69,CL1#36,CL1#60,CL1#2,CL1#77,CL1#43,CL1#88
CL1#42,CL1#75,CL1#46,CL1#71,CL1#99,CL1#64,CL1#68,CL1#51,CL1#85,CL1#54,CL1#14,CL1#16,CL1#32,CL1#94,CL1#3,CL1#41,CL1#38,CL1#8,CL1#17,CL1#21,CL1#25
Cygnus,Progress,Kounotori,Dragon,78,|[85.23995405179616, 83.35600961538462]|
CL1#86,CL1#93,CL1#92,CL1#90,CL1#79,CL1#18,CL1#98,CL1#100,CL1#81,CL1#15,CL1#52,CL1#78,CL1#4,CL1#39,CL1#9
CL1#91,CL1#87,CL1#13,CL1#57,CL1#53,CL1#26,CL1#59,CL1#74,CL1#67,CL1#97,CL1#19,CL1#55,CL1#45,CL1#6,CL1#48
CL1#70,CL1#80,CL1#47,CL1#58,CL1#84,CL1#56,CL1#1,CL1#63,CL1#24,CL1#76,CL1#72,CL1#89,CL1#7,CL1#40,CL1#73,CL1#10,CL1#28,CL1#49,CL1#11,CL1#65,CL1#69,CL1#36,CL1#60,CL1#2,CL1#77,CL1#43,CL1#88,CL1#3
CL1#42,CL1#75,CL1#46,CL1#71,CL1#99,CL1#64,CL1#68,CL1#51,CL1#85,CL1#54,CL1#14,CL1#16,CL1#32,CL1#94,CL1#41,CL1#38,CL1#8,CL1#17,CL1#21,CL1#29
Cygnus,Progress,Kounotori,Dragon,79,|[85.7008911166806, 84.62033653846153]|
CL1#86,CL1#93,CL1#92,CL1#90,CL1#79,CL1#18,CL1#98,CL1#100,CL1#81,CL1#15,CL1#52,CL1#78,CL1#4,CL1#9,CL1#40,CL1#6
CL1#91,CL1#87,CL1#13,CL1#57,CL1#53,CL1#26,CL1#59,CL1#74,CL1#67,CL1#97,CL1#19,CL1#55,CL1#45,CL1#48,CL1#12
CL1#70,CL1#80,CL1#47,CL1#58,CL1#84,CL1#56,CL1#1,CL1#63,CL1#24,CL1#76,CL1#72,CL1#89,CL1#7,CL1#73,CL1#10,CL1#28,CL1#49,CL1#11,CL1#65,CL1#69,CL1#60,CL1#2,CL1#77,CL1#43,CL1#88,CL1#3,CL1#83,CL1#66
CL1#42,CL1#75,CL1#46,CL1#71,CL1#99,CL1#64,CL1#68,CL1#51,CL1#85,CL1#54,CL1#14,CL1#16,CL1#32,CL1#94,CL1#41,CL1#38,CL1#17,CL1#21,CL1#29,CL1#25
Cygnus,Progress,Kounotori,Dragon,79,|[85.35401350598718, 84.71541666666667]|
CL1#93,CL1#92,CL1#90,CL1#79,CL1#18,CL1#98,CL1#81,CL1#15,CL1#52,CL1#78,CL1#4,CL1#9,CL1#40,CL1#6,CL1#72,CL1#33
CL1#91,CL1#87,CL1#13,CL1#57,CL1#53,CL1#26,CL1#59,CL1#74,CL1#67,CL1#97,CL1#19,CL1#55,CL1#45,CL1#12,CL1#3
CL1#70,CL1#80,CL1#47,CL1#58,CL1#84,CL1#56,CL1#1,CL1#63,CL1#24,CL1#76,CL1#89,CL1#7,CL1#73,CL1#10,CL1#28,CL1#49,CL1#11,CL1#65,CL1#69,CL1#60,CL1#2,CL1#77,CL1#43,CL1#88,CL1#83,CL1#66,CL1#48,CL1#35
CL1#42,CL1#75,CL1#46,CL1#71,CL1#99,CL1#64,CL1#68,CL1#51,CL1#85,CL1#54,CL1#14,CL1#16,CL1#32,CL1#94,CL1#41,CL1#38,CL1#17,CL1#21,CL1#29,CL1#25
Cygnus,Progress,Kounotori,Dragon,80,|[86.10222779170148, 85.77166666666666]|
CL1#93,CL1#92,CL1#90,CL1#79,CL1#18,CL1#98,CL1#81,CL1#15,CL1#52,CL1#78,CL1#4,CL1#40,CL1#6,CL1#72,CL1#33,CL1#9
CL1#91,CL1#87,CL1#13,CL1#57,CL1#53,CL1#26,CL1#59,CL1#74,CL1#67,CL1#97,CL1#19,CL1#55,CL1#45,CL1#12,CL1#3
CL1#70,CL1#80,CL1#47,CL1#58,CL1#84,CL1#56,CL1#1,CL1#63,CL1#24,CL1#76,CL1#89,CL1#7,CL1#73,CL1#28,CL1#11,CL1#65,CL1#69,CL1#60,CL1#2,CL1#77,CL1#43,CL1#88,CL1#83,CL1#66,CL1#48,CL1#35,CL1#95,CL1#62
CL1#42,CL1#75,CL1#46,CL1#71,CL1#99,CL1#64,CL1#51,CL1#85,CL1#54,CL1#14,CL1#16,CL1#32,CL1#94,CL1#41,CL1#38,CL1#17,CL1#21,CL1#29,CL1#25,CL1#20,CL1#23
Cygnus,Progress,Kounotori,Dragon,80,|[86.23994012809803, 85.52024038461538]|
CL1#93,CL1#92,CL1#90,CL1#79,CL1#18,CL1#81,CL1#15,CL1#52,CL1#78,CL1#4,CL1#40,CL1#6,CL1#72,CL1#33,CL1#9,CL1#59
CL1#91,CL1#87,CL1#13,CL1#57,CL1#53,CL1#26,CL1#74,CL1#67,CL1#97,CL1#19,CL1#55,CL1#45,CL1#12,CL1#3,CL1#96
CL1#70,CL1#80,CL1#47,CL1#58,CL1#84,CL1#56,CL1#1,CL1#76,CL1#89,CL1#7,CL1#73,CL1#28,CL1#11,CL1#65,CL1#69,CL1#60,CL1#2,CL1#77,CL1#43,CL1#88,CL1#83,CL1#66,CL1#48,CL1#35,CL1#95,CL1#62,CL1#100,CL1#98
CL1#42,CL1#75,CL1#46,CL1#71,CL1#99,CL1#64,CL1#51,CL1#85,CL1#54,CL1#14,CL1#16,CL1#32,CL1#94,CL1#41,CL1#38,CL1#17,CL1#21,CL1#29,CL1#25,CL1#20,CL1#23
Cygnus,Progress,Kounotori,Dragon,80,|[86.32960944026733, 85.3381891025641]|
CL1#93,CL1#92,CL1#90,CL1#79,CL1#18,CL1#81,CL1#15,CL1#52,CL1#78,CL1#4,CL1#6,CL1#72,CL1#33,CL1#9,CL1#59,CL1#68
CL1#91,CL1#87,CL1#13,CL1#57,CL1#53,CL1#26,CL1#74,CL1#67,CL1#97,CL1#19,CL1#55,CL1#45,CL1#12,CL1#3,CL1#96
CL1#70,CL1#80,CL1#47,CL1#58,CL1#84,CL1#56,CL1#1,CL1#76,CL1#89,CL1#7,CL1#73,CL1#28,CL1#11,CL1#65,CL1#69,CL1#60,CL1#2,CL1#77,CL1#43,CL1#83,CL1#48,CL1#35,CL1#95,CL1#100,CL1#98,CL1#36,CL1#99,CL1#40
CL1#42,CL1#75,CL1#46,CL1#71,CL1#64,CL1#51,CL1#85,CL1#54,CL1#14,CL1#16,CL1#32,CL1#94,CL1#41,CL1#38,CL1#17,CL1#21,CL1#29,CL1#25,CL1#20,CL1#23,CL1#66
Cygnus,Progress,Kounotori,Dragon,80,|[86.02960944026734, 85.57540064102564]|
CL1#93,CL1#92,CL1#90,CL1#79,CL1#18,CL1#81,CL1#15,CL1#52,CL1#78,CL1#4,CL1#6,CL1#72,CL1#33,CL1#9,CL1#59,CL1#68
CL1#91,CL1#87,CL1#13,CL1#57,CL1#53,CL1#26,CL1#74,CL1#67,CL1#97,CL1#19,CL1#55,CL1#45,CL1#12,CL1#3,CL1#96
CL1#70,CL1#80,CL1#47,CL1#58,CL1#84,CL1#56,CL1#1,CL1#76,CL1#89,CL1#7,CL1#73,CL1#28,CL1#11,CL1#65,CL1#69,CL1#60,CL1#2,CL1#77,CL1#43,CL1#83,CL1#48,CL1#35,CL1#95,CL1#100,CL1#98,CL1#36,CL1#8,CL1#5
CL1#42,CL1#75,CL1#46,CL1#71,CL1#64,CL1#51,CL1#85,CL1#54,CL1#14,CL1#16,CL1#32,CL1#94,CL1#41,CL1#38,CL1#17,CL1#21,CL1#29,CL1#25,CL1#20,CL1#23,CL1#40
Cygnus,Progress,Kounotori,Dragon,80,|[86.52622667780562, 84.29838141025643]|
CL1#92,CL1#90,CL1#79,CL1#18,CL1#81,CL1#15,CL1#52,CL1#78,CL1#4,CL1#6,CL1#72,CL1#33,CL1#9,CL1#59,CL1#68,CL1#16
CL1#91,CL1#87,CL1#13,CL1#53,CL1#26,CL1#74,CL1#67,CL1#97,CL1#19,CL1#55,CL1#45,CL1#12,CL1#3,CL1#96,CL1#30
CL1#70,CL1#80,CL1#47,CL1#84,CL1#56,CL1#1,CL1#76,CL1#89,CL1#7,CL1#73,CL1#28,CL1#11,CL1#65,CL1#69,CL1#60,CL1#2,CL1#77,CL1#43,CL1#83,CL1#48,CL1#35,CL1#95,CL1#100,CL1#98,CL1#36,CL1#8,CL1#5,CL1#63
CL1#42,CL1#75,CL1#46,CL1#71,CL1#64,CL1#51,CL1#85,CL1#54,CL1#14,CL1#32,CL1#94,CL1#41,CL1#38,CL1#17,CL1#21,CL1#29,CL1#20,CL1#23,CL1#40,CL1#57,CL1#27
Cygnus,Progress,Kounotori,Dragon,80,|[86.16055207463101, 83.79838141025641]|
CL1#92,CL1#90,CL1#79,CL1#18,CL1#81,CL1#15,CL1#52,CL1#78,CL1#4,CL1#6,CL1#72,CL1#33,CL1#9,CL1#59,CL1#68,CL1#62
CL1#91,CL1#87,CL1#13,CL1#53,CL1#26,CL1#74,CL1#67,CL1#97,CL1#19,CL1#55,CL1#45,CL1#12,CL1#3,CL1#96,CL1#30
CL1#70,CL1#80,CL1#47,CL1#84,CL1#56,CL1#1,CL1#76,CL1#89,CL1#7,CL1#73,CL1#28,CL1#11,CL1#65,CL1#69,CL1#60,CL1#2,CL1#77,CL1#43,CL1#83,CL1#48,CL1#35,CL1#95,CL1#100,CL1#98,CL1#36,CL1#8,CL1#5,CL1#63
CL1#42,CL1#75,CL1#46,CL1#71,CL1#64,CL1#51,CL1#85,CL1#54,CL1#14,CL1#32,CL1#94,CL1#41,CL1#38,CL1#17,CL1#21,CL1#29,CL1#20,CL1#23,CL1#40,CL1#27,CL1#88
Cygnus,Progress,Kounotori,Dragon,80,|[85.65399122807017, 84.11376602564104]|
CL1#92,CL1#79,CL1#18,CL1#81,CL1#15,CL1#52,CL1#78,CL1#4,CL1#6,CL1#33,CL1#59,CL1#68,CL1#62,CL1#82,CL1#64,CL1#9
CL1#91,CL1#87,CL1#13,CL1#53,CL1#26,CL1#74,CL1#67,CL1#97,CL1#19,CL1#55,CL1#45,CL1#12,CL1#3,CL1#96,CL1#30
CL1#70,CL1#80,CL1#47,CL1#56,CL1#1,CL1#76,CL1#89,CL1#7,CL1#73,CL1#28,CL1#11,CL1#65,CL1#69,CL1#60,CL1#2,CL1#77,CL1#43,CL1#83,CL1#48,CL1#35,CL1#95,CL1#100,CL1#98,CL1#36,CL1#8,CL1#5,CL1#63,CL1#10
CL1#42,CL1#75,CL1#46,CL1#71,CL1#51,CL1#85,CL1#54,CL1#14,CL1#32,CL1#94,CL1#41,CL1#38,CL1#17,CL1#21,CL1#29,CL1#20,CL1#23,CL1#40,CL1#27,CL1#88,CL1#99
Cygnus,Progress,Kounotori,Dragon,80,|[85.48007031467557, 83.75466346153847]|
CL1#92,CL1#79,CL1#18,CL1#81,CL1#52,CL1#78,CL1#4,CL1#6,CL1#33,CL1#59,CL1#62,CL1#64,CL1#9,CL1#39,CL1#90,CL1#49
CL1#91,CL1#87,CL1#13,CL1#53,CL1#74,CL1#67,CL1#97,CL1#19,CL1#55,CL1#45,CL1#12,CL1#3,CL1#96,CL1#30,CL1#15
CL1#70,CL1#80,CL1#47,CL1#56,CL1#1,CL1#76,CL1#89,CL1#7,CL1#73,CL1#28,CL1#11,CL1#65,CL1#69,CL1#60,CL1#2,CL1#77,CL1#43,CL1#83,CL1#35,CL1#95,CL1#100,CL1#98,CL1#36,CL1#8,CL1#5,CL1#63,CL1#10,CL1#58
CL1#42,CL1#75,CL1#46,CL1#71,CL1#51,CL1#85,CL1#54,CL1#14,CL1#32,CL1#94,CL1#41,CL1#38,CL1#17,CL1#21,CL1#29,CL1#20,CL1#23,CL1#40,CL1#27,CL1#88,CL1#99
Cygnus,Progress,Kounotori,Dragon,81,|[87.20548175995545, 86.05520833333334]|
CL1#92,CL1#79,CL1#18,CL1#81,CL1#78,CL1#4,CL1#6,CL1#33,CL1#59,CL1#62,CL1#64,CL1#9,CL1#39,CL1#90,CL1#49,CL1#68
CL1#91,CL1#87,CL1#13,CL1#53,CL1#74,CL1#67,CL1#97,CL1#19,CL1#55,CL1#45,CL1#12,CL1#3,CL1#96,CL1#30,CL1#15,CL1#46
CL1#70,CL1#80,CL1#47,CL1#56,CL1#1,CL1#76,CL1#89,CL1#7,CL1#73,CL1#28,CL1#11,CL1#65,CL1#69,CL1#60,CL1#2,CL1#43,CL1#83,CL1#35,CL1#95,CL1#100,CL1#98,CL1#36,CL1#5,CL1#63,CL1#10,CL1#58,CL1#22,CL1#25
CL1#42,CL1#75,CL1#71,CL1#51,CL1#85,CL1#54,CL1#14,CL1#32,CL1#94,CL1#41,CL1#38,CL1#17,CL1#21,CL1#20,CL1#23,CL1#40,CL1#27,CL1#88,CL1#99,CL1#61,CL1#77
Cygnus,Progress,Kounotori,Dragon,81,|[87.37162211083265, 85.57514423076924]|
CL1#92,CL1#79,CL1#18,CL1#81,CL1#4,CL1#6,CL1#33,CL1#59,CL1#62,CL1#64,CL1#9,CL1#39,CL1#90,CL1#49,CL1#68,CL1#29
CL1#91,CL1#87,CL1#13,CL1#53,CL1#74,CL1#67,CL1#97,CL1#55,CL1#45,CL1#12,CL1#3,CL1#96,CL1#30,CL1#15,CL1#46,CL1#78
CL1#70,CL1#80,CL1#47,CL1#56,CL1#1,CL1#76,CL1#89,CL1#7,CL1#73,CL1#28,CL1#11,CL1#65,CL1#69,CL1#60,CL1#2,CL1#43,CL1#83,CL1#35,CL1#95,CL1#100,CL1#98,CL1#36,CL1#63,CL1#58,CL1#22,CL1#25,CL1#5,CL1#66
CL1#42,CL1#75,CL1#51,CL1#85,CL1#54,CL1#14,CL1#32,CL1#94,CL1#41,CL1#38,CL1#17,CL1#21,CL1#20,CL1#23,CL1#40,CL1#27,CL1#88,CL1#99,CL1#61,CL1#77,CL1#26
Cygnus,Progress,Kounotori,Dragon,81,|[87.41040030632135, 85.48493589743589]|
CL1#92,CL1#79,CL1#18,CL1#81,CL1#4,CL1#6,CL1#33,CL1#59,CL1#62,CL1#64,CL1#9,CL1#39,CL1#90,CL1#49,CL1#68,CL1#29
CL1#91,CL1#87,CL1#13,CL1#53,CL1#74,CL1#67,CL1#55,CL1#45,CL1#12,CL1#3,CL1#96,CL1#30,CL1#15,CL1#46,CL1#78,CL1#37
CL1#70,CL1#80,CL1#47,CL1#56,CL1#1,CL1#76,CL1#89,CL1#7,CL1#73,CL1#28,CL1#11,CL1#65,CL1#69,CL1#60,CL1#2,CL1#43,CL1#83,CL1#95,CL1#98,CL1#36,CL1#63,CL1#58,CL1#22,CL1#25,CL1#66,CL1#35,CL1#71,CL1#41
CL1#42,CL1#75,CL1#51,CL1#85,CL1#54,CL1#14,CL1#32,CL1#94,CL1#38,CL1#17,CL1#21,CL1#20,CL1#23,CL1#40,CL1#27,CL1#88,CL1#99,CL1#61,CL1#77,CL1#26,CL1#16
Cygnus,Progress,Kounotori,Dragon,81,|[87.3489717348928, 85.4949358974359]|
CL1#92,CL1#79,CL1#18,CL1#81,CL1#4,CL1#6,CL1#33,CL1#59,CL1#62,CL1#64,CL1#39,CL1#90,CL1#49,CL1#68,CL1#29,CL1#9
CL1#91,CL1#87,CL1#13,CL1#53,CL1#74,CL1#67,CL1#55,CL1#45,CL1#12,CL1#3,CL1#96,CL1#30,CL1#15,CL1#46,CL1#78,CL1#37
CL1#70,CL1#80,CL1#47,CL1#56,CL1#1,CL1#76,CL1#89,CL1#7,CL1#73,CL1#28,CL1#11,CL1#65,CL1#69,CL1#60,CL1#2,CL1#43,CL1#83,CL1#95,CL1#36,CL1#58,CL1#22,CL1#25,CL1#66,CL1#35,CL1#71,CL1#41,CL1#10,CL1#77
CL1#42,CL1#75,CL1#51,CL1#85,CL1#54,CL1#14,CL1#32,CL1#94,CL1#38,CL1#17,CL1#20,CL1#23,CL1#40,CL1#27,CL1#88,CL1#99,CL1#61,CL1#26,CL1#16,CL1#48,CL1#21
Cygnus,Progress,Kounotori,Dragon,81,|[87.1364717348928, 85.69253205128204]|
CL1#92,CL1#79,CL1#81,CL1#4,CL1#6,CL1#33,CL1#59,CL1#62,CL1#64,CL1#39,CL1#90,CL1#49,CL1#68,CL1#29,CL1#9,CL1#18
CL1#91,CL1#87,CL1#13,CL1#53,CL1#74,CL1#67,CL1#55,CL1#45,CL1#12,CL1#3,CL1#96,CL1#30,CL1#15,CL1#46,CL1#78,CL1#37
CL1#70,CL1#47,CL1#56,CL1#1,CL1#76,CL1#89,CL1#7,CL1#73,CL1#28,CL1#11,CL1#69,CL1#60,CL1#2,CL1#43,CL1#83,CL1#95,CL1#36,CL1#58,CL1#22,CL1#25,CL1#66,CL1#35,CL1#71,CL1#41,CL1#10,CL1#77,CL1#63,CL1#31
CL1#42,CL1#75,CL1#51,CL1#85,CL1#54,CL1#14,CL1#32,CL1#94,CL1#38,CL1#17,CL1#20,CL1#23,CL1#40,CL1#27,CL1#88,CL1#99,CL1#61,CL1#26,CL1#16,CL1#48,CL1#21
Cygnus,Progress,Kounotori,Dragon,81,|[86.88259607351713, 85.60044871794871]|
CL1#92,CL1#79,CL1#81,CL1#4,CL1#6,CL1#59,CL1#62,CL1#64,CL1#39,CL1#90,CL1#49,CL1#68,CL1#29,CL1#9,CL1#18,CL1#52
CL1#91,CL1#87,CL1#13,CL1#53,CL1#74,CL1#67,CL1#55,CL1#45,CL1#12,CL1#3,CL1#96,CL1#30,CL1#15,CL1#46,CL1#37,CL1#78
CL1#70,CL1#47,CL1#56,CL1#76,CL1#89,CL1#7,CL1#73,CL1#28,CL1#11,CL1#69,CL1#60,CL1#2,CL1#43,CL1#83,CL1#95,CL1#36,CL1#58,CL1#22,CL1#25,CL1#66,CL1#35,CL1#71,CL1#41,CL1#10,CL1#77,CL1#63,CL1#31,CL1#1
CL1#42,CL1#75,CL1#51,CL1#85,CL1#54,CL1#14,CL1#32,CL1#17,CL1#20,CL1#23,CL1#40,CL1#27,CL1#88,CL1#99,CL1#61,CL1#26,CL1#16,CL1#48,CL1#21,CL1#72,CL1#94
Cygnus,Progress,Kounotori,Dragon,81,|[86.71701336675021, 85.67432692307692]|
CL1#92,CL1#79,CL1#81,CL1#4,CL1#6,CL1#59,CL1#62,CL1#64,CL1#39,CL1#90,CL1#49,CL1#68,CL1#29,CL1#9,CL1#18,CL1#52
CL1#91,CL1#87,CL1#13,CL1#53,CL1#74,CL1#67,CL1#55,CL1#45,CL1#12,CL1#3,CL1#30,CL1#15,CL1#46,CL1#37,CL1#78,CL1#40
CL1#70,CL1#47,CL1#56,CL1#89,CL1#7,CL1#73,CL1#28,CL1#11,CL1#69,CL1#60,CL1#2,CL1#43,CL1#83,CL1#95,CL1#36,CL1#58,CL1#22,CL1#25,CL1#66,CL1#71,CL1#41,CL1#10,CL1#77,CL1#31,CL1#1,CL1#19,CL1#63,CL1#97
CL1#42,CL1#75,CL1#51,CL1#85,CL1#54,CL1#14,CL1#32,CL1#17,CL1#20,CL1#23,CL1#27,CL1#88,CL1#99,CL1#61,CL1#26,CL1#16,CL1#48,CL1#21,CL1#72,CL1#94,CL1#35
Cygnus,Progress,Kounotori,Dragon,81,|[86.47604497354499, 85.29759615384616]|
CL1#92,CL1#79,CL1#81,CL1#4,CL1#6,CL1#59,CL1#62,CL1#64,CL1#90,CL1#49,CL1#68,CL1#29,CL1#9,CL1#18,CL1#52,CL1#19
CL1#87,CL1#13,CL1#53,CL1#74,CL1#67,CL1#55,CL1#45,CL1#12,CL1#3,CL1#30,CL1#15,CL1#46,CL1#37,CL1#78,CL1#40,CL1#76
CL1#70,CL1#47,CL1#56,CL1#89,CL1#7,CL1#73,CL1#28,CL1#11,CL1#69,CL1#60,CL1#2,CL1#43,CL1#83,CL1#95,CL1#36,CL1#58,CL1#22,CL1#25,CL1#66,CL1#71,CL1#41,CL1#10,CL1#77,CL1#31,CL1#1,CL1#63,CL1#97,CL1#91
CL1#42,CL1#75,CL1#51,CL1#85,CL1#54,CL1#14,CL1#32,CL1#17,CL1#20,CL1#23,CL1#27,CL1#88,CL1#99,CL1#61,CL1#26,CL1#16,CL1#48,CL1#21,CL1#94,CL1#5,CL1#8
Cygnus,Progress,Kounotori,Dragon,81,|[86.42578042328044, 85.08807692307693]|
CL1#92,CL1#79,CL1#81,CL1#4,CL1#6,CL1#59,CL1#62,CL1#64,CL1#90,CL1#49,CL1#68,CL1#29,CL1#9,CL1#18,CL1#52,CL1#91
CL1#87,CL1#13,CL1#53,CL1#74,CL1#67,CL1#55,CL1#45,CL1#12,CL1#3,CL1#30,CL1#15,CL1#46,CL1#37,CL1#78,CL1#40,CL1#76
CL1#70,CL1#47,CL1#56,CL1#89,CL1#7,CL1#73,CL1#28,CL1#11,CL1#69,CL1#60,CL1#2,CL1#43,CL1#83,CL1#95,CL1#36,CL1#58,CL1#22,CL1#25,CL1#66,CL1#71,CL1#41,CL1#10,CL1#77,CL1#31,CL1#1,CL1#63,CL1#97,CL1#65
CL1#42,CL1#75,CL1#51,CL1#85,CL1#54,CL1#14,CL1#32,CL1#17,CL1#20,CL1#23,CL1#27,CL1#88,CL1#99,CL1#61,CL1#26,CL1#16,CL1#48,CL1#21,CL1#94,CL1#5,CL1#8
Cygnus,Progress,Kounotori,Dragon,81,|[86.32128306878309, 85.12057692307692]|
CL1#92,CL1#79,CL1#81,CL1#4,CL1#6,CL1#59,CL1#62,CL1#64,CL1#90,CL1#49,CL1#68,CL1#29,CL1#9,CL1#18,CL1#52,CL1#35
CL1#87,CL1#13,CL1#53,CL1#74,CL1#67,CL1#55,CL1#45,CL1#12,CL1#3,CL1#30,CL1#15,CL1#46,CL1#37,CL1#78,CL1#40,CL1#76
CL1#70,CL1#47,CL1#56,CL1#89,CL1#7,CL1#73,CL1#28,CL1#11,CL1#69,CL1#60,CL1#2,CL1#43,CL1#83,CL1#95,CL1#36,CL1#58,CL1#22,CL1#25,CL1#66,CL1#71,CL1#41,CL1#10,CL1#77,CL1#31,CL1#1,CL1#63,CL1#97,CL1#65
CL1#42,CL1#75,CL1#51,CL1#85,CL1#54,CL1#14,CL1#32,CL1#17,CL1#20,CL1#23,CL1#27,CL1#88,CL1#99,CL1#61,CL1#26,CL1#16,CL1#48,CL1#21,CL1#94,CL1#5,CL1#8
Cygnus,Progress,Kounotori,Dragon,81,|[86.33199735449735, 84.95375]|
CL1#92,CL1#79,CL1#81,CL1#4,CL1#6,CL1#59,CL1#62,CL1#64,CL1#90,CL1#49,CL1#68,CL1#29,CL1#9,CL1#18,CL1#52,CL1#35
CL1#87,CL1#13,CL1#53,CL1#74,CL1#67,CL1#55,CL1#45,CL1#12,CL1#3,CL1#30,CL1#15,CL1#46,CL1#37,CL1#78,CL1#40,CL1#76
CL1#70,CL1#47,CL1#56,CL1#7,CL1#73,CL1#28,CL1#11,CL1#69,CL1#60,CL1#2,CL1#83,CL1#95,CL1#36,CL1#58,CL1#22,CL1#25,CL1#66,CL1#41,CL1#10,CL1#77,CL1#31,CL1#1,CL1#63,CL1#97,CL1#65,CL1#24,CL1#98,CL1#43
CL1#42,CL1#75,CL1#51,CL1#54,CL1#14,CL1#32,CL1#17,CL1#20,CL1#23,CL1#27,CL1#88,CL1#99,CL1#61,CL1#26,CL1#16,CL1#21,CL1#94,CL1#5,CL1#8,CL1#48,CL1#85
Cygnus,Progress,Kounotori,Dragon,81,|[85.97292328042329, 85.03637820512822]|
CL1#92,CL1#79,CL1#81,CL1#6,CL1#59,CL1#62,CL1#64,CL1#90,CL1#49,CL1#68,CL1#29,CL1#9,CL1#18,CL1#52,CL1#35,CL1#28
CL1#87,CL1#13,CL1#53,CL1#74,CL1#67,CL1#55,CL1#45,CL1#12,CL1#3,CL1#30,CL1#15,CL1#46,CL1#37,CL1#78,CL1#40,CL1#76
CL1#70,CL1#47,CL1#56,CL1#7,CL1#73,CL1#11,CL1#69,CL1#2,CL1#83,CL1#95,CL1#36,CL1#58,CL1#22,CL1#25,CL1#66,CL1#41,CL1#10,CL1#77,CL1#31,CL1#1,CL1#63,CL1#97,CL1#65,CL1#98,CL1#43,CL1#91,CL1#89,CL1#94
CL1#42,CL1#75,CL1#51,CL1#54,CL1#14,CL1#32,CL1#17,CL1#20,CL1#23,CL1#27,CL1#88,CL1#99,CL1#61,CL1#26,CL1#16,CL1#21,CL1#5,CL1#8,CL1#48,CL1#85,CL1#60
Cygnus,Progress,Kounotori,Dragon,82,|[87.12515803397383, 87.73008012820512]|
CL1#92,CL1#79,CL1#81,CL1#6,CL1#59,CL1#62,CL1#64,CL1#90,CL1#49,CL1#68,CL1#9,CL1#18,CL1#52,CL1#35,CL1#28,CL1#33,CL1#15
CL1#87,CL1#13,CL1#53,CL1#74,CL1#67,CL1#55,CL1#45,CL1#12,CL1#3,CL1#30,CL1#46,CL1#37,CL1#78,CL1#40,CL1#76,CL1#93
CL1#70,CL1#47,CL1#56,CL1#7,CL1#73,CL1#11,CL1#69,CL1#2,CL1#83,CL1#95,CL1#36,CL1#58,CL1#22,CL1#25,CL1#66,CL1#41,CL1#10,CL1#77,CL1#31,CL1#1,CL1#63,CL1#65,CL1#98,CL1#91,CL1#89,CL1#94,CL1#19,CL1#96
CL1#42,CL1#75,CL1#51,CL1#54,CL1#14,CL1#32,CL1#17,CL1#20,CL1#23,CL1#27,CL1#88,CL1#99,CL1#26,CL1#16,CL1#21,CL1#5,CL1#8,CL1#48,CL1#85,CL1#60,CL1#82
Cygnus,Progress,Kounotori,Dragon,82,|[87.27051517683097, 87.47895833333334]|
CL1#92,CL1#79,CL1#81,CL1#59,CL1#62,CL1#64,CL1#90,CL1#49,CL1#68,CL1#9,CL1#18,CL1#52,CL1#35,CL1#28,CL1#33,CL1#15,CL1#6
CL1#87,CL1#13,CL1#53,CL1#74,CL1#67,CL1#55,CL1#45,CL1#12,CL1#3,CL1#30,CL1#46,CL1#37,CL1#78,CL1#76,CL1#93,CL1#40
CL1#70,CL1#47,CL1#56,CL1#7,CL1#73,CL1#11,CL1#69,CL1#2,CL1#83,CL1#95,CL1#36,CL1#58,CL1#22,CL1#25,CL1#66,CL1#41,CL1#10,CL1#77,CL1#1,CL1#63,CL1#65,CL1#98,CL1#91,CL1#89,CL1#94,CL1#19,CL1#96,CL1#24
CL1#42,CL1#75,CL1#51,CL1#14,CL1#32,CL1#17,CL1#20,CL1#27,CL1#88,CL1#99,CL1#26,CL1#16,CL1#21,CL1#5,CL1#8,CL1#48,CL1#85,CL1#60,CL1#82,CL1#100,CL1#54
Cygnus,Progress,Kounotori,Dragon,82,|[87.38473475355053, 87.26738782051282]|
CL1#92,CL1#79,CL1#81,CL1#59,CL1#62,CL1#64,CL1#90,CL1#49,CL1#68,CL1#9,CL1#18,CL1#52,CL1#35,CL1#33,CL1#6,CL1#43,CL1#15
CL1#87,CL1#13,CL1#53,CL1#74,CL1#67,CL1#55,CL1#45,CL1#12,CL1#3,CL1#30,CL1#46,CL1#37,CL1#78,CL1#76,CL1#93,CL1#40
CL1#70,CL1#47,CL1#56,CL1#7,CL1#73,CL1#11,CL1#69,CL1#83,CL1#95,CL1#36,CL1#58,CL1#22,CL1#25,CL1#66,CL1#41,CL1#10,CL1#77,CL1#1,CL1#63,CL1#65,CL1#98,CL1#91,CL1#89,CL1#94,CL1#19,CL1#96,CL1#24,CL1#23
CL1#42,CL1#75,CL1#32,CL1#17,CL1#20,CL1#27,CL1#88,CL1#99,CL1#26,CL1#16,CL1#21,CL1#5,CL1#8,CL1#48,CL1#85,CL1#60,CL1#82,CL1#100,CL1#54,CL1#28,CL1#14
Cygnus,Progress,Kounotori,Dragon,82,|[87.76368212197158, 86.54205128205128]|
CL1#92,CL1#79,CL1#81,CL1#59,CL1#62,CL1#64,CL1#90,CL1#49,CL1#68,CL1#9,CL1#18,CL1#52,CL1#35,CL1#33,CL1#6,CL1#43,CL1#15
CL1#87,CL1#53,CL1#74,CL1#55,CL1#45,CL1#12,CL1#3,CL1#30,CL1#46,CL1#37,CL1#78,CL1#76,CL1#93,CL1#40,CL1#97,CL1#13
CL1#70,CL1#47,CL1#56,CL1#7,CL1#73,CL1#11,CL1#69,CL1#95,CL1#36,CL1#58,CL1#22,CL1#25,CL1#66,CL1#41,CL1#10,CL1#77,CL1#1,CL1#63,CL1#65,CL1#98,CL1#91,CL1#94,CL1#19,CL1#96,CL1#24,CL1#23,CL1#72,CL1#2
CL1#42,CL1#75,CL1#32,CL1#17,CL1#20,CL1#27,CL1#99,CL1#26,CL1#16,CL1#21,CL1#5,CL1#8,CL1#48,CL1#85,CL1#60,CL1#82,CL1#100,CL1#54,CL1#28,CL1#14,CL1#67
Cygnus,Progress,Kounotori,Dragon,82,|[87.386962545252, 86.33179487179487]|
CL1#92,CL1#79,CL1#81,CL1#62,CL1#64,CL1#90,CL1#49,CL1#68,CL1#9,CL1#18,CL1#52,CL1#35,CL1#6,CL1#43,CL1#15,CL1#59,CL1#71
CL1#87,CL1#53,CL1#74,CL1#55,CL1#45,CL1#12,CL1#3,CL1#30,CL1#46,CL1#37,CL1#78,CL1#76,CL1#93,CL1#40,CL1#97,CL1#13
CL1#70,CL1#47,CL1#56,CL1#7,CL1#73,CL1#11,CL1#69,CL1#95,CL1#36,CL1#58,CL1#22,CL1#25,CL1#66,CL1#41,CL1#10,CL1#77,CL1#1,CL1#63,CL1#65,CL1#98,CL1#91,CL1#94,CL1#96,CL1#24,CL1#23,CL1#72,CL1#2,CL1#89
CL1#42,CL1#75,CL1#32,CL1#20,CL1#27,CL1#99,CL1#26,CL1#16,CL1#21,CL1#5,CL1#8,CL1#48,CL1#85,CL1#60,CL1#100,CL1#54,CL1#28,CL1#14,CL1#67,CL1#29,CL1#88
Cygnus,Progress,Kounotori,Dragon,82,|[87.4053835978836, 86.1932532051282]|
CL1#92,CL1#79,CL1#81,CL1#62,CL1#64,CL1#90,CL1#49,CL1#68,CL1#9,CL1#18,CL1#52,CL1#35,CL1#6,CL1#43,CL1#15,CL1#71,CL1#59
CL1#87,CL1#53,CL1#74,CL1#55,CL1#45,CL1#12,CL1#3,CL1#30,CL1#37,CL1#78,CL1#76,CL1#40,CL1#97,CL1#13,CL1#17,CL1#67
CL1#70,CL1#47,CL1#56,CL1#7,CL1#73,CL1#11,CL1#69,CL1#95,CL1#36,CL1#58,CL1#22,CL1#25,CL1#66,CL1#41,CL1#10,CL1#77,CL1#1,CL1#63,CL1#65,CL1#98,CL1#91,CL1#94,CL1#96,CL1#24,CL1#23,CL1#72,CL1#2,CL1#89
CL1#75,CL1#32,CL1#20,CL1#27,CL1#99,CL1#26,CL1#16,CL1#21,CL1#5,CL1#8,CL1#48,CL1#85,CL1#60,CL1#100,CL1#54,CL1#28,CL1#14,CL1#29,CL1#88,CL1#4,CL1#46
Cygnus,Progress,Kounotori,Dragon,82,|[87.56411375661375, 85.7307532051282]|
CL1#92,CL1#79,CL1#81,CL1#64,CL1#90,CL1#49,CL1#68,CL1#9,CL1#18,CL1#52,CL1#35,CL1#6,CL1#43,CL1#15,CL1#71,CL1#59,CL1#80
CL1#87,CL1#53,CL1#74,CL1#55,CL1#45,CL1#12,CL1#30,CL1#37,CL1#78,CL1#76,CL1#40,CL1#97,CL1#13,CL1#17,CL1#67,CL1#3
CL1#70,CL1#47,CL1#56,CL1#7,CL1#73,CL1#11,CL1#69,CL1#95,CL1#36,CL1#58,CL1#22,CL1#25,CL1#66,CL1#41,CL1#10,CL1#77,CL1#1,CL1#63,CL1#65,CL1#98,CL1#91,CL1#94,CL1#96,CL1#24,CL1#23,CL1#72,CL1#2,CL1#89
CL1#75,CL1#32,CL1#20,CL1#27,CL1#99,CL1#26,CL1#16,CL1#21,CL1#5,CL1#8,CL1#48,CL1#60,CL1#100,CL1#54,CL1#28,CL1#14,CL1#29,CL1#46,CL1#88,CL1#85,CL1#4
Cygnus,Progress,Kounotori,Dragon,82,|[87.57732804232805, 85.68149038461539]|
CL1#92,CL1#79,CL1#81,CL1#64,CL1#90,CL1#49,CL1#68,CL1#9,CL1#18,CL1#52,CL1#35,CL1#6,CL1#43,CL1#15,CL1#71,CL1#80,CL1#59
CL1#87,CL1#53,CL1#74,CL1#55,CL1#45,CL1#12,CL1#30,CL1#37,CL1#78,CL1#76,CL1#40,CL1#97,CL1#13,CL1#17,CL1#67,CL1#3
CL1#70,CL1#56,CL1#7,CL1#73,CL1#69,CL1#95,CL1#36,CL1#58,CL1#22,CL1#25,CL1#66,CL1#41,CL1#10,CL1#77,CL1#1,CL1#63,CL1#65,CL1#98,CL1#91,CL1#94,CL1#96,CL1#23,CL1#72,CL1#2,CL1#89,CL1#62,CL1#75,CL1#11
CL1#32,CL1#20,CL1#27,CL1#99,CL1#26,CL1#16,CL1#21,CL1#5,CL1#8,CL1#48,CL1#60,CL1#100,CL1#54,CL1#28,CL1#14,CL1#29,CL1#46,CL1#88,CL1#85,CL1#4,CL1#47
Cygnus,Progress,Kounotori,Dragon,82,|[87.3144708994709, 85.76899038461538]|
CL1#92,CL1#79,CL1#81,CL1#64,CL1#90,CL1#49,CL1#68,CL1#9,CL1#18,CL1#52,CL1#35,CL1#6,CL1#43,CL1#15,CL1#71,CL1#80,CL1#59
CL1#87,CL1#53,CL1#74,CL1#45,CL1#12,CL1#30,CL1#37,CL1#78,CL1#76,CL1#40,CL1#97,CL1#13,CL1#17,CL1#67,CL1#3,CL1#55
CL1#70,CL1#56,CL1#7,CL1#73,CL1#69,CL1#95,CL1#58,CL1#25,CL1#66,CL1#41,CL1#10,CL1#77,CL1#1,CL1#63,CL1#65,CL1#98,CL1#91,CL1#94,CL1#96,CL1#23,CL1#72,CL1#2,CL1#89,CL1#62,CL1#11,CL1#75,CL1#42,CL1#24
CL1#32,CL1#20,CL1#27,CL1#99,CL1#16,CL1#21,CL1#5,CL1#8,CL1#48,CL1#60,CL1#100,CL1#54,CL1#28,CL1#14,CL1#29,CL1#46,CL1#88,CL1#85,CL1#4,CL1#47,CL1#84
Cygnus,Progress,Kounotori,Dragon,82,|[87.43832428292956, 85.55669871794872]|
CL1#92,CL1#79,CL1#81,CL1#64,CL1#90,CL1#49,CL1#68,CL1#9,CL1#18,CL1#52,CL1#35,CL1#6,CL1#43,CL1#15,CL1#71,CL1#80,CL1#59
CL1#87,CL1#53,CL1#74,CL1#45,CL1#12,CL1#30,CL1#37,CL1#78,CL1#40,CL1#97,CL1#13,CL1#67,CL1#3,CL1#55,CL1#31,CL1#58
CL1#70,CL1#56,CL1#7,CL1#73,CL1#69,CL1#95,CL1#25,CL1#66,CL1#41,CL1#10,CL1#77,CL1#1,CL1#63,CL1#65,CL1#98,CL1#91,CL1#94,CL1#96,CL1#23,CL1#72,CL1#2,CL1#89,CL1#62,CL1#11,CL1#75,CL1#42,CL1#24,CL1#76
CL1#32,CL1#20,CL1#27,CL1#16,CL1#21,CL1#5,CL1#8,CL1#48,CL1#60,CL1#100,CL1#54,CL1#28,CL1#14,CL1#29,CL1#46,CL1#88,CL1#85,CL1#4,CL1#47,CL1#84,CL1#19
Cygnus,Progress,Kounotori,Dragon,82,|[86.74095655806184, 86.24089743589744]|
CL1#92,CL1#79,CL1#81,CL1#64,CL1#90,CL1#49,CL1#68,CL1#9,CL1#18,CL1#52,CL1#35,CL1#6,CL1#43,CL1#15,CL1#71,CL1#59,CL1#99
CL1#53,CL1#74,CL1#45,CL1#12,CL1#30,CL1#37,CL1#78,CL1#40,CL1#97,CL1#13,CL1#67,CL1#3,CL1#55,CL1#31,CL1#58,CL1#87
CL1#70,CL1#56,CL1#7,CL1#69,CL1#95,CL1#25,CL1#66,CL1#41,CL1#10,CL1#77,CL1#1,CL1#63,CL1#65,CL1#98,CL1#91,CL1#94,CL1#96,CL1#23,CL1#72,CL1#2,CL1#89,CL1#62,CL1#11,CL1#75,CL1#24,CL1#76,CL1#38,CL1#17
CL1#32,CL1#20,CL1#27,CL1#16,CL1#21,CL1#5,CL1#8,CL1#48,CL1#60,CL1#100,CL1#54,CL1#28,CL1#14,CL1#29,CL1#46,CL1#88,CL1#85,CL1#47,CL1#84,CL1#19,CL1#73
Cygnus,Progress,Kounotori,Dragon,82,|[86.74095655806182, 86.24089743589744]|
CL1#92,CL1#79,CL1#81,CL1#64,CL1#90,CL1#49,CL1#68,CL1#9,CL1#18,CL1#35,CL1#6,CL1#43,CL1#15,CL1#71,CL1#59,CL1#99,CL1#52
CL1#53,CL1#74,CL1#45,CL1#12,CL1#30,CL1#37,CL1#78,CL1#97,CL1#13,CL1#67,CL1#3,CL1#55,CL1#31,CL1#58,CL1#87,CL1#40
CL1#70,CL1#56,CL1#69,CL1#95,CL1#25,CL1#66,CL1#41,CL1#10,CL1#1,CL1#63,CL1#65,CL1#98,CL1#91,CL1#94,CL1#96,CL1#23,CL1#72,CL1#2,CL1#89,CL1#62,CL1#11,CL1#75,CL1#24,CL1#76,CL1#38,CL1#17,CL1#7,CL1#77
CL1#32,CL1#27,CL1#16,CL1#21,CL1#5,CL1#8,CL1#48,CL1#60,CL1#100,CL1#54,CL1#28,CL1#14,CL1#29,CL1#46,CL1#88,CL1#85,CL1#47,CL1#84,CL1#19,CL1#73,CL1#20
Cygnus,Progress,Kounotori,Dragon,82,|[87.08524227234756, 85.85794871794872]|
CL1#92,CL1#79,CL1#81,CL1#64,CL1#90,CL1#49,CL1#68,CL1#9,CL1#18,CL1#35,CL1#6,CL1#43,CL1#15,CL1#71,CL1#59,CL1#99,CL1#52
CL1#74,CL1#45,CL1#12,CL1#30,CL1#37,CL1#78,CL1#97,CL1#13,CL1#67,CL1#3,CL1#55,CL1#31,CL1#58,CL1#87,CL1#40,CL1#53
CL1#70,CL1#56,CL1#69,CL1#95,CL1#25,CL1#66,CL1#41,CL1#10,CL1#1,CL1#63,CL1#65,CL1#98,CL1#91,CL1#94,CL1#96,CL1#23,CL1#72,CL1#2,CL1#89,CL1#62,CL1#11,CL1#75,CL1#76,CL1#38,CL1#17,CL1#7,CL1#77,CL1#42
CL1#32,CL1#27,CL1#16,CL1#21,CL1#5,CL1#8,CL1#60,CL1#100,CL1#28,CL1#14,CL1#29,CL1#46,CL1#88,CL1#85,CL1#47,CL1#19,CL1#73,CL1#20,CL1#48,CL1#86,CL1#54
Cygnus,Progress,Kounotori,Dragon,82,|[86.91972431077697, 85.94211538461539]|
CL1#92,CL1#79,CL1#81,CL1#64,CL1#90,CL1#49,CL1#68,CL1#9,CL1#18,CL1#6,CL1#43,CL1#15,CL1#71,CL1#59,CL1#99,CL1#74,CL1#26
CL1#45,CL1#12,CL1#30,CL1#37,CL1#78,CL1#97,CL1#13,CL1#67,CL1#3,CL1#55,CL1#31,CL1#58,CL1#87,CL1#40,CL1#53,CL1#35
CL1#70,CL1#56,CL1#95,CL1#25,CL1#66,CL1#41,CL1#10,CL1#1,CL1#63,CL1#65,CL1#98,CL1#91,CL1#94,CL1#96,CL1#23,CL1#72,CL1#2,CL1#89,CL1#62,CL1#11,CL1#75,CL1#76,CL1#38,CL1#17,CL1#7,CL1#77,CL1#42,CL1#69
CL1#32,CL1#27,CL1#21,CL1#5,CL1#8,CL1#60,CL1#100,CL1#28,CL1#14,CL1#29,CL1#46,CL1#88,CL1#85,CL1#47,CL1#19,CL1#73,CL1#20,CL1#48,CL1#86,CL1#54,CL1#16
Cygnus,Progress,Kounotori,Dragon,82,|[86.83186716791982, 85.95506410256411]|
CL1#92,CL1#79,CL1#81,CL1#64,CL1#90,CL1#49,CL1#68,CL1#9,CL1#18,CL1#6,CL1#43,CL1#15,CL1#71,CL1#59,CL1#99,CL1#74,CL1#26
CL1#45,CL1#12,CL1#30,CL1#37,CL1#78,CL1#97,CL1#13,CL1#67,CL1#3,CL1#31,CL1#58,CL1#87,CL1#40,CL1#53,CL1#35,CL1#55
CL1#70,CL1#56,CL1#95,CL1#25,CL1#66,CL1#41,CL1#10,CL1#1,CL1#63,CL1#65,CL1#98,CL1#91,CL1#94,CL1#96,CL1#23,CL1#72,CL1#2,CL1#89,CL1#62,CL1#11,CL1#75,CL1#76,CL1#17,CL1#7,CL1#77,CL1#69,CL1#24,CL1#50
CL1#32,CL1#21,CL1#5,CL1#8,CL1#60,CL1#100,CL1#28,CL1#14,CL1#29,CL1#46,CL1#88,CL1#85,CL1#47,CL1#19,CL1#73,CL1#20,CL1#48,CL1#54,CL1#16,CL1#27,CL1#80
Cygnus,Progress,Kounotori,Dragon,82,|[86.53563352826512, 86.13777243589745]|
CL1#92,CL1#79,CL1#81,CL1#64,CL1#90,CL1#68,CL1#6,CL1#43,CL1#15,CL1#71,CL1#59,CL1#99,CL1#74,CL1#26,CL1#18,CL1#56,CL1#52
CL1#45,CL1#12,CL1#37,CL1#78,CL1#97,CL1#13,CL1#67,CL1#3,CL1#31,CL1#58,CL1#87,CL1#40,CL1#53,CL1#35,CL1#55,CL1#9
CL1#70,CL1#95,CL1#25,CL1#66,CL1#41,CL1#10,CL1#1,CL1#63,CL1#65,CL1#98,CL1#91,CL1#94,CL1#96,CL1#23,CL1#72,CL1#2,CL1#89,CL1#62,CL1#11,CL1#75,CL1#76,CL1#17,CL1#7,CL1#77,CL1#69,CL1#24,CL1#50,CL1#61
CL1#32,CL1#21,CL1#5,CL1#8,CL1#60,CL1#100,CL1#28,CL1#14,CL1#29,CL1#46,CL1#88,CL1#85,CL1#47,CL1#19,CL1#73,CL1#20,CL1#48,CL1#54,CL1#16,CL1#27,CL1#80
Cygnus,Progress,Kounotori,Dragon,82,|[86.65157268170425, 85.69777243589745]|
CL1#92,CL1#79,CL1#81,CL1#64,CL1#90,CL1#68,CL1#6,CL1#15,CL1#59,CL1#99,CL1#74,CL1#26,CL1#18,CL1#56,CL1#52,CL1#4,CL1#49
CL1#45,CL1#12,CL1#37,CL1#78,CL1#97,CL1#13,CL1#67,CL1#3,CL1#31,CL1#58,CL1#87,CL1#40,CL1#53,CL1#35,CL1#55,CL1#9
CL1#70,CL1#95,CL1#25,CL1#66,CL1#41,CL1#10,CL1#1,CL1#65,CL1#98,CL1#91,CL1#94,CL1#96,CL1#23,CL1#72,CL1#2,CL1#89,CL1#62,CL1#11,CL1#75,CL1#76,CL1#17,CL1#7,CL1#77,CL1#69,CL1#24,CL1#50,CL1#71,CL1#63
CL1#32,CL1#21,CL1#5,CL1#8,CL1#60,CL1#100,CL1#28,CL1#14,CL1#29,CL1#46,CL1#88,CL1#85,CL1#47,CL1#19,CL1#73,CL1#48,CL1#54,CL1#16,CL1#27,CL1#80,CL1#20
Cygnus,Progress,Kounotori,Dragon,83,|[87.8072305764411, 87.87408653846154]|
CL1#92,CL1#79,CL1#81,CL1#64,CL1#90,CL1#68,CL1#6,CL1#15,CL1#59,CL1#99,CL1#74,CL1#26,CL1#18,CL1#56,CL1#52,CL1#4,CL1#49
CL1#45,CL1#12,CL1#37,CL1#78,CL1#97,CL1#13,CL1#67,CL1#3,CL1#31,CL1#87,CL1#40,CL1#53,CL1#35,CL1#55,CL1#9,CL1#61
CL1#70,CL1#95,CL1#25,CL1#66,CL1#41,CL1#10,CL1#1,CL1#65,CL1#98,CL1#91,CL1#94,CL1#96,CL1#23,CL1#72,CL1#2,CL1#89,CL1#11,CL1#75,CL1#76,CL1#17,CL1#7,CL1#77,CL1#69,CL1#24,CL1#50,CL1#63,CL1#62,CL1#42
CL1#32,CL1#21,CL1#5,CL1#8,CL1#60,CL1#28,CL1#14,CL1#29,CL1#46,CL1#88,CL1#85,CL1#47,CL1#19,CL1#73,CL1#48,CL1#54,CL1#16,CL1#27,CL1#20,CL1#58,CL1#38,CL1#51
Cygnus,Progress,Kounotori,Dragon,83,|[88.02224380395432, 87.17822115384615]|
CL1#92,CL1#79,CL1#81,CL1#64,CL1#90,CL1#68,CL1#6,CL1#15,CL1#59,CL1#99,CL1#74,CL1#26,CL1#18,CL1#56,CL1#4,CL1#49,CL1#71
CL1#45,CL1#12,CL1#37,CL1#78,CL1#97,CL1#13,CL1#67,CL1#3,CL1#31,CL1#87,CL1#40,CL1#53,CL1#35,CL1#55,CL1#9,CL1#61
CL1#70,CL1#95,CL1#25,CL1#66,CL1#41,CL1#10,CL1#1,CL1#65,CL1#98,CL1#91,CL1#94,CL1#96,CL1#23,CL1#72,CL1#2,CL1#89,CL1#11,CL1#75,CL1#76,CL1#7,CL1#77,CL1#69,CL1#24,CL1#63,CL1#62,CL1#42,CL1#52,CL1#100
CL1#32,CL1#5,CL1#8,CL1#60,CL1#28,CL1#14,CL1#29,CL1#46,CL1#88,CL1#85,CL1#47,CL1#19,CL1#73,CL1#48,CL1#54,CL1#27,CL1#20,CL1#58,CL1#38,CL1#51,CL1#16,CL1#21
Cygnus,Progress,Kounotori,Dragon,83,|[88.10293163464218, 87.00572115384615]|
CL1#92,CL1#79,CL1#81,CL1#64,CL1#68,CL1#6,CL1#15,CL1#59,CL1#99,CL1#74,CL1#18,CL1#56,CL1#4,CL1#49,CL1#71,CL1#80,CL1#90
CL1#45,CL1#12,CL1#37,CL1#78,CL1#97,CL1#13,CL1#67,CL1#3,CL1#31,CL1#87,CL1#40,CL1#53,CL1#35,CL1#55,CL1#9,CL1#61
CL1#70,CL1#95,CL1#66,CL1#41,CL1#10,CL1#1,CL1#65,CL1#98,CL1#91,CL1#96,CL1#23,CL1#72,CL1#2,CL1#89,CL1#11,CL1#75,CL1#76,CL1#7,CL1#77,CL1#69,CL1#24,CL1#63,CL1#62,CL1#42,CL1#52,CL1#100,CL1#25,CL1#94
CL1#32,CL1#5,CL1#8,CL1#60,CL1#28,CL1#14,CL1#29,CL1#46,CL1#88,CL1#85,CL1#47,CL1#19,CL1#73,CL1#54,CL1#27,CL1#20,CL1#58,CL1#38,CL1#51,CL1#16,CL1#21,CL1#48
Cygnus,Progress,Kounotori,Dragon,83,|[87.92863269284322, 87.11411858974358]|
CL1#92,CL1#79,CL1#81,CL1#64,CL1#68,CL1#6,CL1#15,CL1#59,CL1#99,CL1#74,CL1#18,CL1#56,CL1#4,CL1#49,CL1#71,CL1#80,CL1#43
CL1#45,CL1#12,CL1#37,CL1#78,CL1#97,CL1#13,CL1#67,CL1#3,CL1#31,CL1#87,CL1#40,CL1#53,CL1#35,CL1#55,CL1#9,CL1#61
CL1#70,CL1#95,CL1#66,CL1#41,CL1#10,CL1#1,CL1#65,CL1#98,CL1#91,CL1#96,CL1#23,CL1#72,CL1#2,CL1#89,CL1#11,CL1#75,CL1#76,CL1#7,CL1#77,CL1#69,CL1#24,CL1#63,CL1#62,CL1#42,CL1#52,CL1#100,CL1#48,CL1#94
CL1#32,CL1#5,CL1#8,CL1#60,CL1#28,CL1#14,CL1#29,CL1#46,CL1#88,CL1#85,CL1#47,CL1#19,CL1#73,CL1#54,CL1#27,CL1#20,CL1#58,CL1#38,CL1#51,CL1#16,CL1#21,CL1#36
Cygnus,Progress,Kounotori,Dragon,83,|[87.78006126427178, 87.24347756410256]|
CL1#92,CL1#79,CL1#81,CL1#64,CL1#68,CL1#6,CL1#15,CL1#59,CL1#99,CL1#74,CL1#18,CL1#56,CL1#4,CL1#49,CL1#80,CL1#43,CL1#71
CL1#45,CL1#12,CL1#37,CL1#97,CL1#13,CL1#67,CL1#3,CL1#31,CL1#87,CL1#40,CL1#53,CL1#35,CL1#55,CL1#9,CL1#61,CL1#78
CL1#70,CL1#95,CL1#66,CL1#41,CL1#10,CL1#1,CL1#65,CL1#98,CL1#91,CL1#96,CL1#72,CL1#2,CL1#89,CL1#11,CL1#75,CL1#76,CL1#7,CL1#77,CL1#69,CL1#24,CL1#63,CL1#62,CL1#42,CL1#52,CL1#100,CL1#48,CL1#94,CL1#17
CL1#32,CL1#5,CL1#8,CL1#60,CL1#28,CL1#14,CL1#29,CL1#46,CL1#88,CL1#47,CL1#19,CL1#73,CL1#54,CL1#27,CL1#20,CL1#58,CL1#38,CL1#51,CL1#16,CL1#21,CL1#23,CL1#85
Cygnus,Progress,Kounotori,Dragon,83,|[87.66256126427179, 87.28764423076923]|
CL1#92,CL1#79,CL1#81,CL1#64,CL1#68,CL1#6,CL1#15,CL1#59,CL1#99,CL1#74,CL1#18,CL1#56,CL1#4,CL1#49,CL1#80,CL1#43,CL1#71
CL1#45,CL1#12,CL1#37,CL1#97,CL1#13,CL1#67,CL1#3,CL1#31,CL1#87,CL1#40,CL1#53,CL1#35,CL1#55,CL1#9,CL1#61,CL1#78
CL1#70,CL1#95,CL1#66,CL1#41,CL1#10,CL1#1,CL1#65,CL1#98,CL1#91,CL1#96,CL1#72,CL1#2,CL1#89,CL1#11,CL1#75,CL1#76,CL1#7,CL1#77,CL1#69,CL1#24,CL1#63,CL1#62,CL1#42,CL1#52,CL1#100,CL1#48,CL1#94,CL1#17
CL1#32,CL1#5,CL1#8,CL1#60,CL1#28,CL1#14,CL1#29,CL1#46,CL1#88,CL1#47,CL1#19,CL1#73,CL1#54,CL1#27,CL1#20,CL1#58,CL1#38,CL1#51,CL1#16,CL1#21,CL1#25,CL1#85
Cygnus,Progress,Kounotori,Dragon,83,|[87.5757470064049, 87.34347756410257]|
CL1#92,CL1#79,CL1#81,CL1#64,CL1#68,CL1#6,CL1#15,CL1#99,CL1#74,CL1#56,CL1#4,CL1#49,CL1#80,CL1#43,CL1#71,CL1#33,CL1#59
CL1#45,CL1#12,CL1#37,CL1#97,CL1#13,CL1#67,CL1#3,CL1#87,CL1#40,CL1#53,CL1#35,CL1#55,CL1#9,CL1#78,CL1#57,CL1#18
CL1#70,CL1#95,CL1#66,CL1#41,CL1#10,CL1#1,CL1#65,CL1#98,CL1#91,CL1#96,CL1#72,CL1#2,CL1#89,CL1#11,CL1#75,CL1#76,CL1#7,CL1#77,CL1#69,CL1#24,CL1#63,CL1#62,CL1#42,CL1#52,CL1#100,CL1#48,CL1#94,CL1#17
CL1#32,CL1#5,CL1#8,CL1#60,CL1#14,CL1#29,CL1#46,CL1#88,CL1#47,CL1#19,CL1#73,CL1#54,CL1#27,CL1#20,CL1#58,CL1#38,CL1#51,CL1#16,CL1#21,CL1#25,CL1#85,CL1#28
Cygnus,Progress,Kounotori,Dragon,83,|[87.42542745753272, 87.20235576923078]|
CL1#92,CL1#79,CL1#81,CL1#64,CL1#68,CL1#6,CL1#15,CL1#99,CL1#74,CL1#56,CL1#4,CL1#49,CL1#80,CL1#43,CL1#71,CL1#33,CL1#59
CL1#45,CL1#12,CL1#37,CL1#13,CL1#67,CL1#3,CL1#87,CL1#40,CL1#53,CL1#35,CL1#55,CL1#9,CL1#78,CL1#18,CL1#36,CL1#82
CL1#95,CL1#66,CL1#41,CL1#10,CL1#1,CL1#65,CL1#98,CL1#91,CL1#96,CL1#72,CL1#2,CL1#89,CL1#11,CL1#75,CL1#76,CL1#7,CL1#77,CL1#69,CL1#24,CL1#63,CL1#62,CL1#42,CL1#52,CL1#100,CL1#48,CL1#94,CL1#17,CL1#27
CL1#32,CL1#5,CL1#8,CL1#60,CL1#14,CL1#29,CL1#46,CL1#88,CL1#19,CL1#73,CL1#54,CL1#20,CL1#58,CL1#38,CL1#51,CL1#16,CL1#21,CL1#25,CL1#85,CL1#28,CL1#97,CL1#70
Cygnus,Progress,Kounotori,Dragon,83,|[87.53984753550543, 86.8980608974359]|
CL1#92,CL1#79,CL1#81,CL1#64,CL1#68,CL1#6,CL1#15,CL1#99,CL1#74,CL1#56,CL1#4,CL1#49,CL1#80,CL1#43,CL1#71,CL1#33,CL1#9
CL1#45,CL1#12,CL1#37,CL1#13,CL1#67,CL1#3,CL1#87,CL1#40,CL1#53,CL1#35,CL1#55,CL1#78,CL1#18,CL1#82,CL1#47,CL1#59
CL1#95,CL1#66,CL1#41,CL1#10,CL1#1,CL1#65,CL1#98,CL1#91,CL1#96,CL1#72,CL1#2,CL1#89,CL1#11,CL1#75,CL1#76,CL1#7,CL1#77,CL1#69,CL1#63,CL1#62,CL1#42,CL1#52,CL1#100,CL1#48,CL1#94,CL1#17,CL1#27,CL1#31
CL1#5,CL1#8,CL1#60,CL1#14,CL1#29,CL1#46,CL1#88,CL1#19,CL1#73,CL1#54,CL1#20,CL1#58,CL1#38,CL1#51,CL1#16,CL1#21,CL1#25,CL1#85,CL1#28,CL1#97,CL1#70,CL1#36
Cygnus,Progress,Kounotori,Dragon,83,|[87.36941241993874, 86.90035256410255]|
CL1#92,CL1#79,CL1#81,CL1#64,CL1#68,CL1#6,CL1#15,CL1#99,CL1#74,CL1#56,CL1#4,CL1#49,CL1#80,CL1#43,CL1#71,CL1#33,CL1#59
CL1#45,CL1#12,CL1#37,CL1#13,CL1#67,CL1#3,CL1#87,CL1#40,CL1#53,CL1#35,CL1#55,CL1#78,CL1#18,CL1#82,CL1#47,CL1#9
CL1#95,CL1#66,CL1#41,CL1#10,CL1#1,CL1#65,CL1#98,CL1#91,CL1#96,CL1#72,CL1#2,CL1#89,CL1#11,CL1#75,CL1#76,CL1#7,CL1#77,CL1#69,CL1#63,CL1#62,CL1#42,CL1#52,CL1#100,CL1#48,CL1#94,CL1#17,CL1#27,CL1#31
CL1#5,CL1#8,CL1#60,CL1#14,CL1#29,CL1#46,CL1#88,CL1#19,CL1#73,CL1#54,CL1#20,CL1#58,CL1#38,CL1#51,CL1#16,CL1#21,CL1#25,CL1#85,CL1#28,CL1#97,CL1#70,CL1#32
Cygnus,Progress,Kounotori,Dragon,83,|[87.33296505151769, 86.57201923076923]|
CL1#92,CL1#79,CL1#81,CL1#64,CL1#68,CL1#6,CL1#15,CL1#99,CL1#74,CL1#56,CL1#49,CL1#80,CL1#43,CL1#71,CL1#33,CL1#59,CL1#4
CL1#45,CL1#12,CL1#37,CL1#13,CL1#67,CL1#87,CL1#53,CL1#35,CL1#55,CL1#78,CL1#18,CL1#47,CL1#9,CL1#24,CL1#60,CL1#40
CL1#95,CL1#66,CL1#41,CL1#10,CL1#1,CL1#65,CL1#98,CL1#91,CL1#96,CL1#72,CL1#2,CL1#89,CL1#11,CL1#75,CL1#76,CL1#7,CL1#77,CL1#69,CL1#63,CL1#62,CL1#42,CL1#52,CL1#100,CL1#48,CL1#94,CL1#17,CL1#27,CL1#31
CL1#5,CL1#8,CL1#14,CL1#29,CL1#46,CL1#88,CL1#19,CL1#73,CL1#54,CL1#20,CL1#58,CL1#38,CL1#51,CL1#16,CL1#21,CL1#25,CL1#85,CL1#28,CL1#97,CL1#70,CL1#32,CL1#3
Cygnus,Progress,Kounotori,Dragon,83,|[87.20439362294626, 86.64413461538462]|
CL1#92,CL1#81,CL1#64,CL1#68,CL1#6,CL1#15,CL1#99,CL1#74,CL1#56,CL1#49,CL1#80,CL1#43,CL1#71,CL1#33,CL1#59,CL1#4,CL1#79
CL1#45,CL1#12,CL1#37,CL1#13,CL1#67,CL1#87,CL1#53,CL1#35,CL1#55,CL1#78,CL1#18,CL1#47,CL1#9,CL1#24,CL1#60,CL1#40
CL1#95,CL1#66,CL1#41,CL1#10,CL1#1,CL1#65,CL1#98,CL1#91,CL1#96,CL1#72,CL1#2,CL1#89,CL1#11,CL1#75,CL1#76,CL1#7,CL1#77,CL1#69,CL1#63,CL1#62,CL1#42,CL1#52,CL1#100,CL1#48,CL1#94,CL1#17,CL1#27,CL1#5
CL1#8,CL1#14,CL1#29,CL1#46,CL1#88,CL1#19,CL1#54,CL1#20,CL1#58,CL1#38,CL1#51,CL1#16,CL1#21,CL1#25,CL1#85,CL1#28,CL1#97,CL1#32,CL1#3,CL1#23,CL1#73,CL1#70
Cygnus,Progress,Kounotori,Dragon,83,|[87.43957880813144, 86.27336538461537]|
CL1#92,CL1#81,CL1#64,CL1#68,CL1#6,CL1#99,CL1#74,CL1#56,CL1#49,CL1#80,CL1#43,CL1#71,CL1#59,CL1#4,CL1#79,CL1#90,CL1#15
CL1#45,CL1#12,CL1#37,CL1#13,CL1#67,CL1#87,CL1#53,CL1#35,CL1#78,CL1#18,CL1#47,CL1#9,CL1#24,CL1#60,CL1#40,CL1#55
CL1#95,CL1#66,CL1#41,CL1#10,CL1#1,CL1#65,CL1#98,CL1#91,CL1#96,CL1#72,CL1#2,CL1#89,CL1#11,CL1#75,CL1#76,CL1#7,CL1#77,CL1#69,CL1#63,CL1#42,CL1#52,CL1#100,CL1#48,CL1#94,CL1#17,CL1#27,CL1#5,CL1#30
CL1#8,CL1#14,CL1#29,CL1#46,CL1#88,CL1#19,CL1#54,CL1#20,CL1#58,CL1#38,CL1#51,CL1#16,CL1#21,CL1#25,CL1#85,CL1#28,CL1#97,CL1#32,CL1#3,CL1#23,CL1#73,CL1#70
Cygnus,Progress,Kounotori,Dragon,83,|[87.68115775549987, 85.87690705128206]|
CL1#92,CL1#81,CL1#64,CL1#68,CL1#6,CL1#99,CL1#74,CL1#56,CL1#49,CL1#80,CL1#43,CL1#71,CL1#59,CL1#4,CL1#79,CL1#90,CL1#15
CL1#45,CL1#12,CL1#37,CL1#13,CL1#67,CL1#87,CL1#53,CL1#35,CL1#78,CL1#9,CL1#24,CL1#60,CL1#40,CL1#55,CL1#29,CL1#18
CL1#95,CL1#66,CL1#41,CL1#10,CL1#1,CL1#65,CL1#98,CL1#91,CL1#96,CL1#72,CL1#2,CL1#89,CL1#11,CL1#75,CL1#76,CL1#7,CL1#77,CL1#69,CL1#63,CL1#42,CL1#52,CL1#100,CL1#48,CL1#94,CL1#17,CL1#27,CL1#5,CL1#30
CL1#14,CL1#88,CL1#19,CL1#54,CL1#20,CL1#58,CL1#38,CL1#51,CL1#16,CL1#21,CL1#25,CL1#85,CL1#28,CL1#97,CL1#32,CL1#3,CL1#23,CL1#73,CL1#70,CL1#47,CL1#62,CL1#46
Cygnus,Progress,Kounotori,Dragon,83,|[87.68115775549987, 85.87690705128205]|
CL1#92,CL1#81,CL1#64,CL1#68,CL1#6,CL1#99,CL1#74,CL1#56,CL1#49,CL1#80,CL1#43,CL1#71,CL1#59,CL1#4,CL1#79,CL1#90,CL1#15
CL1#45,CL1#12,CL1#37,CL1#13,CL1#87,CL1#53,CL1#9,CL1#24,CL1#60,CL1#40,CL1#55,CL1#29,CL1#18,CL1#35,CL1#67,CL1#78
CL1#95,CL1#66,CL1#41,CL1#10,CL1#1,CL1#65,CL1#98,CL1#91,CL1#96,CL1#72,CL1#2,CL1#89,CL1#11,CL1#75,CL1#76,CL1#7,CL1#77,CL1#69,CL1#63,CL1#42,CL1#52,CL1#100,CL1#48,CL1#94,CL1#27,CL1#5,CL1#30,CL1#17
CL1#14,CL1#88,CL1#19,CL1#54,CL1#20,CL1#58,CL1#38,CL1#51,CL1#16,CL1#25,CL1#85,CL1#28,CL1#97,CL1#32,CL1#3,CL1#23,CL1#73,CL1#70,CL1#47,CL1#62,CL1#46,CL1#21
Cygnus,Progress,Kounotori,Dragon,83,|[87.58895850737957, 85.92028846153846]|
CL1#92,CL1#81,CL1#68,CL1#6,CL1#99,CL1#74,CL1#56,CL1#49,CL1#80,CL1#43,CL1#71,CL1#59,CL1#4,CL1#79,CL1#90,CL1#15,CL1#64
CL1#45,CL1#12,CL1#37,CL1#13,CL1#87,CL1#53,CL1#9,CL1#24,CL1#60,CL1#40,CL1#55,CL1#29,CL1#18,CL1#67,CL1#78,CL1#46
CL1#95,CL1#66,CL1#10,CL1#1,CL1#65,CL1#98,CL1#91,CL1#96,CL1#72,CL1#2,CL1#89,CL1#11,CL1#75,CL1#76,CL1#7,CL1#77,CL1#69,CL1#63,CL1#42,CL1#52,CL1#100,CL1#48,CL1#94,CL1#27,CL1#5,CL1#30,CL1#17,CL1#35
CL1#14,CL1#88,CL1#54,CL1#20,CL1#58,CL1#38,CL1#51,CL1#16,CL1#25,CL1#85,CL1#28,CL1#97,CL1#32,CL1#3,CL1#23,CL1#73,CL1#70,CL1#47,CL1#62,CL1#21,CL1#41,CL1#8
Cygnus,Progress,Kounotori,Dragon,83,|[87.44288707880814, 85.96038461538461]|
CL1#92,CL1#81,CL1#68,CL1#6,CL1#99,CL1#74,CL1#56,CL1#49,CL1#80,CL1#43,CL1#71,CL1#4,CL1#79,CL1#90,CL1#15,CL1#64,CL1#59
CL1#45,CL1#12,CL1#37,CL1#13,CL1#87,CL1#53,CL1#9,CL1#24,CL1#40,CL1#55,CL1#29,CL1#18,CL1#67,CL1#78,CL1#46,CL1#60
CL1#95,CL1#66,CL1#10,CL1#1,CL1#65,CL1#91,CL1#96,CL1#72,CL1#2,CL1#89,CL1#11,CL1#75,CL1#76,CL1#7,CL1#77,CL1#69,CL1#63,CL1#42,CL1#52,CL1#100,CL1#48,CL1#94,CL1#27,CL1#30,CL1#17,CL1#35,CL1#19,CL1#5
CL1#14,CL1#88,CL1#54,CL1#20,CL1#58,CL1#38,CL1#51,CL1#16,CL1#25,CL1#85,CL1#28,CL1#97,CL1#32,CL1#3,CL1#23,CL1#73,CL1#70,CL1#47,CL1#21,CL1#41,CL1#8,CL1#98
Cygnus,Progress,Kounotori,Dragon,83,|[87.47002993595099, 85.91576923076923]|
CL1#92,CL1#81,CL1#68,CL1#99,CL1#74,CL1#56,CL1#49,CL1#80,CL1#71,CL1#4,CL1#79,CL1#90,CL1#15,CL1#64,CL1#59,CL1#6,CL1#43
CL1#45,CL1#12,CL1#37,CL1#13,CL1#87,CL1#53,CL1#9,CL1#24,CL1#40,CL1#55,CL1#18,CL1#67,CL1#78,CL1#46,CL1#60,CL1#29
CL1#95,CL1#66,CL1#10,CL1#1,CL1#65,CL1#91,CL1#96,CL1#72,CL1#2,CL1#89,CL1#75,CL1#76,CL1#7,CL1#77,CL1#69,CL1#63,CL1#42,CL1#52,CL1#100,CL1#48,CL1#94,CL1#27,CL1#30,CL1#17,CL1#35,CL1#19,CL1#5,CL1#28
CL1#14,CL1#88,CL1#54,CL1#20,CL1#58,CL1#38,CL1#51,CL1#16,CL1#25,CL1#85,CL1#97,CL1#32,CL1#3,CL1#23,CL1#73,CL1#70,CL1#47,CL1#21,CL1#41,CL1#8,CL1#98,CL1#11
Cygnus,Progress,Kounotori,Dragon,83,|[87.45645850737958, 85.92448717948719]|
CL1#92,CL1#81,CL1#68,CL1#99,CL1#56,CL1#49,CL1#80,CL1#71,CL1#4,CL1#79,CL1#90,CL1#15,CL1#64,CL1#59,CL1#6,CL1#43,CL1#74
CL1#45,CL1#12,CL1#37,CL1#13,CL1#87,CL1#53,CL1#9,CL1#24,CL1#40,CL1#55,CL1#18,CL1#67,CL1#78,CL1#46,CL1#60,CL1#29
CL1#95,CL1#66,CL1#10,CL1#1,CL1#65,CL1#91,CL1#96,CL1#72,CL1#2,CL1#89,CL1#75,CL1#7,CL1#77,CL1#69,CL1#63,CL1#42,CL1#52,CL1#100,CL1#48,CL1#94,CL1#17,CL1#35,CL1#19,CL1#5,CL1#28,CL1#76,CL1#30,CL1#16
CL1#14,CL1#88,CL1#54,CL1#20,CL1#58,CL1#38,CL1#51,CL1#25,CL1#85,CL1#97,CL1#32,CL1#3,CL1#23,CL1#73,CL1#70,CL1#47,CL1#21,CL1#41,CL1#8,CL1#98,CL1#11,CL1#27
Cygnus,Progress,Kounotori,Dragon,83,|[87.67356377053747, 85.59636217948719]|
CL1#92,CL1#81,CL1#68,CL1#99,CL1#56,CL1#49,CL1#80,CL1#71,CL1#4,CL1#79,CL1#90,CL1#15,CL1#64,CL1#59,CL1#6,CL1#43,CL1#74
CL1#45,CL1#12,CL1#37,CL1#13,CL1#87,CL1#53,CL1#9,CL1#40,CL1#55,CL1#18,CL1#67,CL1#78,CL1#46,CL1#60,CL1#29,CL1#26
CL1#95,CL1#66,CL1#10,CL1#1,CL1#65,CL1#91,CL1#96,CL1#72,CL1#2,CL1#89,CL1#75,CL1#7,CL1#77,CL1#63,CL1#42,CL1#52,CL1#100,CL1#48,CL1#94,CL1#17,CL1#35,CL1#19,CL1#5,CL1#28,CL1#76,CL1#30,CL1#16,CL1#69
CL1#88,CL1#54,CL1#20,CL1#58,CL1#38,CL1#51,CL1#25,CL1#85,CL1#97,CL1#32,CL1#3,CL1#23,CL1#73,CL1#70,CL1#47,CL1#21,CL1#41,CL1#8,CL1#98,CL1#11,CL1#27,CL1#14
Cygnus,Progress,Kounotori,Dragon,83,|[87.71534948482318, 85.54623397435898]|
CL1#92,CL1#81,CL1#68,CL1#99,CL1#56,CL1#49,CL1#80,CL1#71,CL1#4,CL1#79,CL1#90,CL1#15,CL1#64,CL1#59,CL1#6,CL1#43,CL1#74
CL1#45,CL1#12,CL1#37,CL1#13,CL1#87,CL1#53,CL1#9,CL1#40,CL1#55,CL1#18,CL1#67,CL1#78,CL1#46,CL1#60,CL1#29,CL1#26
CL1#95,CL1#66,CL1#10,CL1#1,CL1#65,CL1#91,CL1#96,CL1#72,CL1#2,CL1#75,CL1#7,CL1#77,CL1#63,CL1#42,CL1#52,CL1#100,CL1#48,CL1#94,CL1#17,CL1#35,CL1#19,CL1#5,CL1#28,CL1#76,CL1#30,CL1#16,CL1#69,CL1#73
CL1#88,CL1#54,CL1#20,CL1#58,CL1#51,CL1#85,CL1#97,CL1#32,CL1#3,CL1#23,CL1#70,CL1#47,CL1#21,CL1#41,CL1#8,CL1#98,CL1#11,CL1#27,CL1#14,CL1#25,CL1#31,CL1#89
Cygnus,Progress,Kounotori,Dragon,83,|[87.6832066276803, 85.50886217948718]|
CL1#92,CL1#81,CL1#68,CL1#99,CL1#56,CL1#80,CL1#71,CL1#4,CL1#79,CL1#90,CL1#15,CL1#64,CL1#59,CL1#6,CL1#43,CL1#74,CL1#49
CL1#45,CL1#12,CL1#37,CL1#13,CL1#87,CL1#53,CL1#9,CL1#40,CL1#55,CL1#18,CL1#67,CL1#78,CL1#46,CL1#60,CL1#29,CL1#26
CL1#95,CL1#66,CL1#10,CL1#1,CL1#65,CL1#91,CL1#96,CL1#72,CL1#2,CL1#75,CL1#7,CL1#77,CL1#63,CL1#42,CL1#52,CL1#100,CL1#48,CL1#94,CL1#35,CL1#19,CL1#5,CL1#28,CL1#76,CL1#30,CL1#16,CL1#69,CL1#73,CL1#47
CL1#54,CL1#20,CL1#58,CL1#51,CL1#85,CL1#97,CL1#32,CL1#3,CL1#23,CL1#70,CL1#21,CL1#41,CL1#8,CL1#98,CL1#11,CL1#27,CL1#14,CL1#25,CL1#31,CL1#89,CL1#17,CL1#88
Cygnus,Progress,Kounotori,Dragon,83,|[87.48356377053746, 85.7018108974359]|
CL1#92,CL1#81,CL1#68,CL1#99,CL1#56,CL1#80,CL1#71,CL1#4,CL1#79,CL1#90,CL1#15,CL1#64,CL1#59,CL1#6,CL1#43,CL1#74,CL1#49
CL1#45,CL1#12,CL1#37,CL1#13,CL1#87,CL1#53,CL1#9,CL1#40,CL1#55,CL1#18,CL1#67,CL1#78,CL1#46,CL1#60,CL1#29,CL1#26
CL1#95,CL1#66,CL1#10,CL1#65,CL1#91,CL1#96,CL1#72,CL1#2,CL1#7,CL1#77,CL1#63,CL1#42,CL1#52,CL1#100,CL1#48,CL1#94,CL1#35,CL1#19,CL1#28,CL1#76,CL1#16,CL1#69,CL1#73,CL1#47,CL1#38,CL1#1,CL1#98,CL1#75
CL1#54,CL1#20,CL1#58,CL1#51,CL1#85,CL1#97,CL1#32,CL1#3,CL1#23,CL1#70,CL1#21,CL1#41,CL1#8,CL1#11,CL1#27,CL1#14,CL1#25,CL1#31,CL1#89,CL1#17,CL1#88,CL1#5
Cygnus,Progress,Kounotori,Dragon,83,|[87.62213519910888, 85.56040064102565]|
CL1#92,CL1#81,CL1#68,CL1#99,CL1#56,CL1#80,CL1#71,CL1#4,CL1#79,CL1#90,CL1#15,CL1#64,CL1#59,CL1#6,CL1#43,CL1#74,CL1#49
CL1#45,CL1#12,CL1#37,CL1#13,CL1#87,CL1#53,CL1#9,CL1#40,CL1#55,CL1#18,CL1#67,CL1#78,CL1#46,CL1#60,CL1#29,CL1#26
CL1#95,CL1#66,CL1#10,CL1#65,CL1#91,CL1#96,CL1#72,CL1#2,CL1#7,CL1#77,CL1#63,CL1#52,CL1#100,CL1#48,CL1#94,CL1#35,CL1#19,CL1#28,CL1#76,CL1#16,CL1#73,CL1#47,CL1#38,CL1#1,CL1#98,CL1#75,CL1#62,CL1#85
CL1#54,CL1#20,CL1#58,CL1#51,CL1#97,CL1#32,CL1#3,CL1#23,CL1#70,CL1#21,CL1#41,CL1#11,CL1#27,CL1#14,CL1#25,CL1#31,CL1#89,CL1#17,CL1#88,CL1#42,CL1#5,CL1#69
Cygnus,Progress,Kounotori,Dragon,83,|[87.7167216652743, 85.4436858974359]|
CL1#92,CL1#81,CL1#68,CL1#99,CL1#80,CL1#71,CL1#4,CL1#79,CL1#90,CL1#15,CL1#64,CL1#59,CL1#6,CL1#43,CL1#74,CL1#49,CL1#56
CL1#45,CL1#12,CL1#13,CL1#87,CL1#53,CL1#9,CL1#40,CL1#55,CL1#18,CL1#67,CL1#78,CL1#46,CL1#60,CL1#29,CL1#26,CL1#91
CL1#95,CL1#66,CL1#10,CL1#65,CL1#96,CL1#72,CL1#2,CL1#7,CL1#77,CL1#63,CL1#52,CL1#100,CL1#48,CL1#94,CL1#35,CL1#19,CL1#28,CL1#16,CL1#73,CL1#47,CL1#38,CL1#1,CL1#98,CL1#75,CL1#62,CL1#85,CL1#76,CL1#8
CL1#54,CL1#20,CL1#58,CL1#51,CL1#97,CL1#32,CL1#3,CL1#23,CL1#70,CL1#21,CL1#41,CL1#11,CL1#27,CL1#14,CL1#25,CL1#31,CL1#89,CL1#88,CL1#42,CL1#5,CL1#69,CL1#37
Cygnus,Progress,Kounotori,Dragon,83,|[87.4109015594542, 85.63810897435897]|
CL1#92,CL1#81,CL1#68,CL1#99,CL1#71,CL1#4,CL1#79,CL1#90,CL1#15,CL1#59,CL1#43,CL1#74,CL1#49,CL1#56,CL1#6,CL1#77,CL1#64
CL1#45,CL1#12,CL1#13,CL1#87,CL1#53,CL1#9,CL1#40,CL1#55,CL1#18,CL1#67,CL1#78,CL1#46,CL1#60,CL1#29,CL1#26,CL1#91
CL1#95,CL1#66,CL1#10,CL1#65,CL1#96,CL1#72,CL1#2,CL1#7,CL1#63,CL1#52,CL1#100,CL1#48,CL1#94,CL1#35,CL1#19,CL1#28,CL1#16,CL1#73,CL1#47,CL1#38,CL1#1,CL1#98,CL1#75,CL1#62,CL1#85,CL1#76,CL1#8,CL1#17
CL1#54,CL1#20,CL1#58,CL1#51,CL1#97,CL1#32,CL1#3,CL1#23,CL1#70,CL1#21,CL1#41,CL1#11,CL1#14,CL1#25,CL1#31,CL1#89,CL1#88,CL1#42,CL1#5,CL1#69,CL1#37,CL1#27
Cygnus,Progress,Kounotori,Dragon,83,|[87.3518998886104, 85.66435897435898]|
CL1#92,CL1#81,CL1#99,CL1#71,CL1#4,CL1#79,CL1#90,CL1#15,CL1#59,CL1#43,CL1#74,CL1#49,CL1#56,CL1#6,CL1#77,CL1#64,CL1#26
CL1#45,CL1#12,CL1#13,CL1#87,CL1#53,CL1#9,CL1#40,CL1#55,CL1#18,CL1#67,CL1#78,CL1#46,CL1#60,CL1#29,CL1#91,CL1#68
CL1#95,CL1#66,CL1#10,CL1#96,CL1#72,CL1#2,CL1#7,CL1#63,CL1#52,CL1#100,CL1#48,CL1#35,CL1#19,CL1#28,CL1#16,CL1#73,CL1#47,CL1#38,CL1#1,CL1#98,CL1#75,CL1#62,CL1#85,CL1#76,CL1#8,CL1#17,CL1#94,CL1#65
CL1#54,CL1#58,CL1#51,CL1#97,CL1#32,CL1#3,CL1#23,CL1#70,CL1#21,CL1#41,CL1#11,CL1#14,CL1#25,CL1#31,CL1#89,CL1#88,CL1#42,CL1#5,CL1#69,CL1#37,CL1#27,CL1#20
Cygnus,Progress,Kounotori,Dragon,83,|[87.27082846003898, 85.70554487179487]|
CL1#92,CL1#81,CL1#99,CL1#71,CL1#4,CL1#79,CL1#90,CL1#15,CL1#59,CL1#43,CL1#74,CL1#49,CL1#56,CL1#6,CL1#77,CL1#64,CL1#26
CL1#45,CL1#12,CL1#13,CL1#87,CL1#53,CL1#9,CL1#40,CL1#55,CL1#18,CL1#67,CL1#78,CL1#46,CL1#60,CL1#29,CL1#68,CL1#91
CL1#95,CL1#66,CL1#10,CL1#96,CL1#2,CL1#7,CL1#52,CL1#100,CL1#48,CL1#35,CL1#19,CL1#28,CL1#16,CL1#73,CL1#47,CL1#1,CL1#98,CL1#75,CL1#62,CL1#85,CL1#76,CL1#8,CL1#17,CL1#94,CL1#65,CL1#36,CL1#42,CL1#63
CL1#54,CL1#58,CL1#51,CL1#97,CL1#32,CL1#3,CL1#23,CL1#70,CL1#21,CL1#41,CL1#11,CL1#14,CL1#25,CL1#31,CL1#89,CL1#88,CL1#5,CL1#69,CL1#37,CL1#27,CL1#20,CL1#72
Cygnus,Progress,Kounotori,Dragon,83,|[87.18537733221943, 85.77491987179486]|
CL1#92,CL1#81,CL1#99,CL1#71,CL1#4,CL1#79,CL1#90,CL1#15,CL1#59,CL1#43,CL1#74,CL1#49,CL1#56,CL1#6,CL1#77,CL1#64,CL1#26
CL1#45,CL1#12,CL1#87,CL1#53,CL1#9,CL1#40,CL1#55,CL1#18,CL1#67,CL1#78,CL1#46,CL1#60,CL1#29,CL1#91,CL1#35,CL1#75
CL1#95,CL1#66,CL1#10,CL1#96,CL1#2,CL1#7,CL1#52,CL1#100,CL1#48,CL1#19,CL1#28,CL1#16,CL1#73,CL1#47,CL1#1,CL1#98,CL1#62,CL1#85,CL1#76,CL1#8,CL1#17,CL1#94,CL1#65,CL1#36,CL1#42,CL1#63,CL1#24,CL1#3
CL1#54,CL1#58,CL1#51,CL1#97,CL1#32,CL1#23,CL1#70,CL1#21,CL1#41,CL1#11,CL1#14,CL1#25,CL1#31,CL1#89,CL1#88,CL1#5,CL1#69,CL1#37,CL1#27,CL1#20,CL1#72,CL1#13
Cygnus,Progress,Kounotori,Dragon,83,|[87.60538011695905, 85.33991987179488]|
CL1#92,CL1#81,CL1#71,CL1#4,CL1#79,CL1#90,CL1#15,CL1#59,CL1#43,CL1#74,CL1#49,CL1#56,CL1#6,CL1#77,CL1#64,CL1#80,CL1#33
CL1#45,CL1#12,CL1#53,CL1#9,CL1#40,CL1#55,CL1#18,CL1#67,CL1#78,CL1#46,CL1#60,CL1#29,CL1#91,CL1#35,CL1#75,CL1#37
CL1#95,CL1#66,CL1#10,CL1#96,CL1#2,CL1#7,CL1#52,CL1#100,CL1#19,CL1#28,CL1#16,CL1#73,CL1#47,CL1#1,CL1#98,CL1#62,CL1#85,CL1#76,CL1#8,CL1#17,CL1#94,CL1#65,CL1#36,CL1#42,CL1#63,CL1#24,CL1#3,CL1#48
CL1#54,CL1#58,CL1#51,CL1#97,CL1#32,CL1#23,CL1#70,CL1#21,CL1#41,CL1#11,CL1#14,CL1#25,CL1#31,CL1#89,CL1#88,CL1#5,CL1#69,CL1#27,CL1#20,CL1#72,CL1#13,CL1#87
Cygnus,Progress,Kounotori,Dragon,83,|[87.69466583124478, 85.0846314102564]|
CL1#92,CL1#81,CL1#71,CL1#4,CL1#79,CL1#90,CL1#15,CL1#59,CL1#43,CL1#74,CL1#49,CL1#56,CL1#6,CL1#77,CL1#64,CL1#80,CL1#33
CL1#45,CL1#12,CL1#53,CL1#9,CL1#40,CL1#55,CL1#18,CL1#67,CL1#78,CL1#46,CL1#60,CL1#29,CL1#91,CL1#35,CL1#75,CL1#37
CL1#66,CL1#10,CL1#96,CL1#2,CL1#7,CL1#52,CL1#100,CL1#19,CL1#28,CL1#16,CL1#73,CL1#47,CL1#1,CL1#98,CL1#62,CL1#85,CL1#76,CL1#8,CL1#17,CL1#94,CL1#65,CL1#42,CL1#63,CL1#24,CL1#3,CL1#99,CL1#95,CL1#48
CL1#54,CL1#51,CL1#97,CL1#23,CL1#70,CL1#21,CL1#41,CL1#11,CL1#14,CL1#25,CL1#31,CL1#89,CL1#88,CL1#5,CL1#69,CL1#27,CL1#20,CL1#72,CL1#13,CL1#87,CL1#32,CL1#58
Cygnus,Progress,Kounotori,Dragon,83,|[87.78216583124478, 84.91357371794872]|
CL1#92,CL1#81,CL1#71,CL1#4,CL1#79,CL1#90,CL1#15,CL1#59,CL1#43,CL1#74,CL1#49,CL1#56,CL1#6,CL1#77,CL1#64,CL1#80,CL1#33
CL1#45,CL1#12,CL1#53,CL1#9,CL1#40,CL1#55,CL1#18,CL1#67,CL1#78,CL1#46,CL1#60,CL1#29,CL1#91,CL1#35,CL1#75,CL1#37
CL1#66,CL1#10,CL1#96,CL1#2,CL1#7,CL1#52,CL1#19,CL1#28,CL1#16,CL1#73,CL1#47,CL1#1,CL1#98,CL1#62,CL1#85,CL1#8,CL1#17,CL1#94,CL1#65,CL1#42,CL1#63,CL1#24,CL1#3,CL1#99,CL1#95,CL1#48,CL1#27,CL1#100
CL1#54,CL1#51,CL1#97,CL1#23,CL1#70,CL1#21,CL1#41,CL1#11,CL1#14,CL1#25,CL1#89,CL1#88,CL1#5,CL1#69,CL1#72,CL1#13,CL1#87,CL1#32,CL1#58,CL1#68,CL1#20,CL1#76
Cygnus,Progress,Kounotori,Dragon,83,|[87.62343567251462, 85.06232371794871]|
CL1#92,CL1#81,CL1#71,CL1#4,CL1#79,CL1#90,CL1#15,CL1#59,CL1#43,CL1#74,CL1#49,CL1#56,CL1#6,CL1#77,CL1#64,CL1#80,CL1#30
CL1#45,CL1#12,CL1#53,CL1#9,CL1#40,CL1#55,CL1#18,CL1#67,CL1#78,CL1#46,CL1#60,CL1#29,CL1#91,CL1#35,CL1#75,CL1#37
CL1#66,CL1#96,CL1#2,CL1#7,CL1#19,CL1#28,CL1#16,CL1#73,CL1#47,CL1#1,CL1#98,CL1#62,CL1#85,CL1#8,CL1#17,CL1#94,CL1#65,CL1#42,CL1#63,CL1#24,CL1#3,CL1#99,CL1#95,CL1#48,CL1#27,CL1#100,CL1#52,CL1#10
CL1#54,CL1#51,CL1#97,CL1#70,CL1#21,CL1#41,CL1#11,CL1#14,CL1#25,CL1#89,CL1#88,CL1#5,CL1#69,CL1#72,CL1#13,CL1#87,CL1#32,CL1#58,CL1#68,CL1#20,CL1#76,CL1#23
Cygnus,Progress,Kounotori,Dragon,83,|[87.8015559732665, 84.79344551282051]|
CL1#92,CL1#81,CL1#71,CL1#4,CL1#79,CL1#90,CL1#15,CL1#59,CL1#43,CL1#74,CL1#49,CL1#56,CL1#6,CL1#77,CL1#64,CL1#80,CL1#30
CL1#45,CL1#12,CL1#53,CL1#9,CL1#40,CL1#55,CL1#18,CL1#67,CL1#78,CL1#46,CL1#29,CL1#35,CL1#75,CL1#37,CL1#94,CL1#26
CL1#66,CL1#96,CL1#2,CL1#7,CL1#19,CL1#28,CL1#16,CL1#73,CL1#47,CL1#1,CL1#98,CL1#62,CL1#85,CL1#8,CL1#17,CL1#65,CL1#42,CL1#63,CL1#24,CL1#3,CL1#99,CL1#48,CL1#27,CL1#100,CL1#52,CL1#10,CL1#95,CL1#60
CL1#54,CL1#51,CL1#97,CL1#70,CL1#21,CL1#41,CL1#11,CL1#14,CL1#25,CL1#89,CL1#88,CL1#5,CL1#69,CL1#72,CL1#13,CL1#87,CL1#32,CL1#58,CL1#20,CL1#76,CL1#23,CL1#91
Cygnus,Progress,Kounotori,Dragon,83,|[87.88101364522417, 84.42552884615385]|
CL1#92,CL1#81,CL1#71,CL1#79,CL1#90,CL1#15,CL1#59,CL1#43,CL1#74,CL1#49,CL1#56,CL1#6,CL1#77,CL1#64,CL1#80,CL1#4,CL1#68
CL1#45,CL1#12,CL1#53,CL1#9,CL1#40,CL1#55,CL1#18,CL1#67,CL1#78,CL1#46,CL1#29,CL1#35,CL1#75,CL1#37,CL1#94,CL1#26
CL1#66,CL1#96,CL1#2,CL1#7,CL1#19,CL1#28,CL1#16,CL1#73,CL1#47,CL1#1,CL1#98,CL1#62,CL1#85,CL1#8,CL1#17,CL1#65,CL1#42,CL1#63,CL1#24,CL1#3,CL1#99,CL1#48,CL1#27,CL1#100,CL1#52,CL1#95,CL1#60,CL1#10
CL1#54,CL1#97,CL1#70,CL1#21,CL1#41,CL1#11,CL1#14,CL1#25,CL1#89,CL1#88,CL1#5,CL1#69,CL1#72,CL1#13,CL1#87,CL1#32,CL1#58,CL1#20,CL1#76,CL1#23,CL1#91,CL1#36
Cygnus,Progress,Kounotori,Dragon,83,|[87.74263018657756, 84.54644230769232]|
CL1#92,CL1#81,CL1#71,CL1#79,CL1#90,CL1#15,CL1#59,CL1#43,CL1#74,CL1#49,CL1#56,CL1#6,CL1#77,CL1#64,CL1#80,CL1#4,CL1#68
CL1#45,CL1#12,CL1#53,CL1#9,CL1#40,CL1#55,CL1#18,CL1#67,CL1#46,CL1#29,CL1#35,CL1#75,CL1#37,CL1#94,CL1#26,CL1#3
CL1#66,CL1#96,CL1#2,CL1#7,CL1#19,CL1#28,CL1#16,CL1#73,CL1#47,CL1#1,CL1#98,CL1#62,CL1#85,CL1#8,CL1#17,CL1#65,CL1#42,CL1#63,CL1#24,CL1#99,CL1#48,CL1#27,CL1#100,CL1#95,CL1#60,CL1#10,CL1#52,CL1#70
CL1#54,CL1#21,CL1#41,CL1#11,CL1#14,CL1#25,CL1#89,CL1#88,CL1#5,CL1#69,CL1#72,CL1#13,CL1#87,CL1#32,CL1#58,CL1#20,CL1#76,CL1#23,CL1#91,CL1#36,CL1#97,CL1#78
Cygnus,Progress,Kounotori,Dragon,84,|[88.9052067669173, 86.60019230769232]|
CL1#92,CL1#71,CL1#79,CL1#90,CL1#15,CL1#59,CL1#43,CL1#49,CL1#56,CL1#6,CL1#77,CL1#64,CL1#80,CL1#4,CL1#68,CL1#94,CL1#9,CL1#74
CL1#45,CL1#12,CL1#53,CL1#40,CL1#55,CL1#18,CL1#67,CL1#46,CL1#29,CL1#35,CL1#75,CL1#37,CL1#26,CL1#3,CL1#31,CL1#81
CL1#66,CL1#96,CL1#2,CL1#7,CL1#19,CL1#28,CL1#16,CL1#73,CL1#47,CL1#1,CL1#98,CL1#62,CL1#85,CL1#8,CL1#17,CL1#65,CL1#42,CL1#63,CL1#24,CL1#99,CL1#48,CL1#27,CL1#100,CL1#95,CL1#60,CL1#10,CL1#52,CL1#70
CL1#54,CL1#41,CL1#11,CL1#14,CL1#25,CL1#89,CL1#88,CL1#5,CL1#69,CL1#72,CL1#13,CL1#87,CL1#32,CL1#58,CL1#20,CL1#76,CL1#23,CL1#91,CL1#36,CL1#97,CL1#78,CL1#21
Cygnus,Progress,Kounotori,Dragon,84,|[88.28057156780841, 87.02206730769231]|
CL1#92,CL1#71,CL1#79,CL1#90,CL1#15,CL1#59,CL1#43,CL1#56,CL1#6,CL1#77,CL1#64,CL1#80,CL1#68,CL1#94,CL1#9,CL1#74,CL1#26,CL1#49
CL1#45,CL1#12,CL1#53,CL1#40,CL1#55,CL1#18,CL1#67,CL1#46,CL1#29,CL1#35,CL1#75,CL1#37,CL1#3,CL1#31,CL1#81,CL1#78
CL1#66,CL1#96,CL1#2,CL1#7,CL1#19,CL1#16,CL1#73,CL1#47,CL1#1,CL1#98,CL1#62,CL1#85,CL1#8,CL1#17,CL1#65,CL1#42,CL1#63,CL1#24,CL1#99,CL1#48,CL1#27,CL1#100,CL1#95,CL1#60,CL1#10,CL1#52,CL1#70,CL1#28
CL1#54,CL1#41,CL1#11,CL1#14,CL1#25,CL1#89,CL1#88,CL1#5,CL1#69,CL1#72,CL1#13,CL1#87,CL1#32,CL1#58,CL1#20,CL1#76,CL1#23,CL1#91,CL1#36,CL1#97,CL1#21,CL1#51
Cygnus,Progress,Kounotori,Dragon,84,|[88.66215051517683, 86.52310897435896]|
CL1#92,CL1#79,CL1#90,CL1#15,CL1#59,CL1#43,CL1#56,CL1#6,CL1#77,CL1#64,CL1#80,CL1#68,CL1#94,CL1#9,CL1#74,CL1#26,CL1#49,CL1#71
CL1#45,CL1#12,CL1#53,CL1#40,CL1#55,CL1#18,CL1#67,CL1#46,CL1#29,CL1#35,CL1#75,CL1#37,CL1#3,CL1#81,CL1#4,CL1#78
CL1#66,CL1#96,CL1#2,CL1#7,CL1#19,CL1#16,CL1#73,CL1#1,CL1#98,CL1#62,CL1#85,CL1#8,CL1#17,CL1#65,CL1#42,CL1#63,CL1#24,CL1#99,CL1#48,CL1#27,CL1#100,CL1#95,CL1#60,CL1#10,CL1#52,CL1#70,CL1#28,CL1#47
CL1#54,CL1#41,CL1#11,CL1#14,CL1#25,CL1#88,CL1#5,CL1#69,CL1#72,CL1#13,CL1#87,CL1#32,CL1#58,CL1#20,CL1#76,CL1#23,CL1#91,CL1#36,CL1#97,CL1#21,CL1#51,CL1#89
Cygnus,Progress,Kounotori,Dragon,84,|[88.45564466722362, 86.52206730769231]|
CL1#92,CL1#79,CL1#90,CL1#15,CL1#59,CL1#43,CL1#56,CL1#6,CL1#77,CL1#64,CL1#80,CL1#68,CL1#94,CL1#9,CL1#74,CL1#26,CL1#49,CL1#4
CL1#45,CL1#12,CL1#53,CL1#40,CL1#55,CL1#18,CL1#67,CL1#46,CL1#29,CL1#35,CL1#75,CL1#37,CL1#3,CL1#81,CL1#78,CL1#71
CL1#66,CL1#96,CL1#2,CL1#7,CL1#19,CL1#16,CL1#1,CL1#98,CL1#62,CL1#85,CL1#8,CL1#17,CL1#42,CL1#63,CL1#24,CL1#99,CL1#48,CL1#27,CL1#100,CL1#95,CL1#60,CL1#10,CL1#52,CL1#70,CL1#28,CL1#47,CL1#73,CL1#65
CL1#54,CL1#41,CL1#11,CL1#14,CL1#25,CL1#88,CL1#5,CL1#69,CL1#72,CL1#13,CL1#87,CL1#32,CL1#58,CL1#20,CL1#76,CL1#23,CL1#36,CL1#97,CL1#21,CL1#51,CL1#89,CL1#91
Cygnus,Progress,Kounotori,Dragon,84,|[88.4620732386522, 86.51270833333334]|
CL1#92,CL1#79,CL1#90,CL1#15,CL1#59,CL1#43,CL1#56,CL1#6,CL1#77,CL1#64,CL1#80,CL1#68,CL1#94,CL1#74,CL1#26,CL1#49,CL1#4,CL1#9
CL1#45,CL1#12,CL1#53,CL1#40,CL1#55,CL1#18,CL1#67,CL1#46,CL1#29,CL1#35,CL1#75,CL1#37,CL1#3,CL1#81,CL1#78,CL1#71
CL1#66,CL1#96,CL1#2,CL1#7,CL1#19,CL1#16,CL1#1,CL1#98,CL1#85,CL1#8,CL1#17,CL1#42,CL1#63,CL1#24,CL1#99,CL1#48,CL1#27,CL1#95,CL1#60,CL1#10,CL1#52,CL1#70,CL1#28,CL1#47,CL1#73,CL1#65,CL1#97,CL1#100
CL1#54,CL1#41,CL1#11,CL1#14,CL1#25,CL1#88,CL1#5,CL1#69,CL1#72,CL1#13,CL1#32,CL1#58,CL1#20,CL1#76,CL1#23,CL1#36,CL1#21,CL1#51,CL1#89,CL1#91,CL1#62,CL1#87
Cygnus,Progress,Kounotori,Dragon,84,|[88.46207323865218, 86.51270833333334]|
CL1#92,CL1#79,CL1#90,CL1#15,CL1#59,CL1#43,CL1#6,CL1#77,CL1#64,CL1#80,CL1#68,CL1#94,CL1#74,CL1#26,CL1#49,CL1#4,CL1#9,CL1#56
CL1#45,CL1#12,CL1#53,CL1#40,CL1#55,CL1#18,CL1#67,CL1#29,CL1#35,CL1#75,CL1#37,CL1#3,CL1#81,CL1#78,CL1#71,CL1#46
CL1#66,CL1#96,CL1#2,CL1#7,CL1#19,CL1#16,CL1#1,CL1#98,CL1#85,CL1#8,CL1#17,CL1#42,CL1#24,CL1#99,CL1#48,CL1#27,CL1#95,CL1#60,CL1#10,CL1#52,CL1#70,CL1#28,CL1#47,CL1#73,CL1#65,CL1#97,CL1#100,CL1#63
CL1#41,CL1#11,CL1#14,CL1#25,CL1#88,CL1#5,CL1#72,CL1#13,CL1#32,CL1#58,CL1#20,CL1#76,CL1#23,CL1#36,CL1#21,CL1#51,CL1#89,CL1#91,CL1#62,CL1#87,CL1#54,CL1#69
Cygnus,Progress,Kounotori,Dragon,84,|[88.46707323865219, 86.4919391025641]|
CL1#92,CL1#79,CL1#90,CL1#15,CL1#59,CL1#43,CL1#6,CL1#77,CL1#64,CL1#80,CL1#68,CL1#94,CL1#74,CL1#26,CL1#49,CL1#4,CL1#9,CL1#56
CL1#45,CL1#12,CL1#53,CL1#40,CL1#55,CL1#18,CL1#67,CL1#29,CL1#35,CL1#75,CL1#37,CL1#81,CL1#78,CL1#71,CL1#46,CL1#3
CL1#66,CL1#96,CL1#2,CL1#7,CL1#19,CL1#1,CL1#98,CL1#85,CL1#8,CL1#17,CL1#42,CL1#24,CL1#48,CL1#27,CL1#95,CL1#60,CL1#10,CL1#52,CL1#70,CL1#28,CL1#47,CL1#73,CL1#65,CL1#97,CL1#100,CL1#63,CL1#99,CL1#87
CL1#41,CL1#11,CL1#14,CL1#25,CL1#88,CL1#5,CL1#72,CL1#13,CL1#32,CL1#58,CL1#20,CL1#76,CL1#23,CL1#36,CL1#21,CL1#51,CL1#89,CL1#91,CL1#62,CL1#54,CL1#69,CL1#16
Cygnus,Progress,Kounotori,Dragon,84,|[88.46278752436646, 86.4893108974359]|
CL1#92,CL1#79,CL1#90,CL1#15,CL1#59,CL1#43,CL1#6,CL1#77,CL1#64,CL1#80,CL1#68,CL1#94,CL1#74,CL1#26,CL1#49,CL1#4,CL1#9,CL1#56
CL1#45,CL1#12,CL1#53,CL1#40,CL1#55,CL1#18,CL1#67,CL1#29,CL1#35,CL1#75,CL1#37,CL1#81,CL1#78,CL1#71,CL1#46,CL1#3
CL1#66,CL1#96,CL1#2,CL1#7,CL1#19,CL1#1,CL1#98,CL1#85,CL1#8,CL1#17,CL1#42,CL1#24,CL1#48,CL1#95,CL1#60,CL1#10,CL1#52,CL1#70,CL1#28,CL1#47,CL1#73,CL1#65,CL1#97,CL1#100,CL1#63,CL1#99,CL1#87,CL1#5
CL1#41,CL1#11,CL1#14,CL1#25,CL1#72,CL1#13,CL1#32,CL1#58,CL1#20,CL1#76,CL1#23,CL1#36,CL1#21,CL1#51,CL1#89,CL1#91,CL1#62,CL1#54,CL1#69,CL1#16,CL1#27,CL1#88
Cygnus,Progress,Kounotori,Dragon,84,|[88.45376496797549, 86.4651923076923]|
CL1#92,CL1#79,CL1#90,CL1#15,CL1#59,CL1#43,CL1#6,CL1#77,CL1#64,CL1#80,CL1#68,CL1#94,CL1#26,CL1#49,CL1#4,CL1#56,CL1#74,CL1#9
CL1#45,CL1#53,CL1#40,CL1#55,CL1#18,CL1#67,CL1#29,CL1#35,CL1#75,CL1#37,CL1#81,CL1#78,CL1#71,CL1#46,CL1#3,CL1#98
CL1#66,CL1#96,CL1#2,CL1#7,CL1#19,CL1#1,CL1#85,CL1#8,CL1#42,CL1#24,CL1#48,CL1#95,CL1#60,CL1#10,CL1#52,CL1#70,CL1#28,CL1#47,CL1#73,CL1#65,CL1#97,CL1#100,CL1#63,CL1#99,CL1#87,CL1#5,CL1#17,CL1#12
CL1#41,CL1#11,CL1#14,CL1#25,CL1#72,CL1#13,CL1#32,CL1#58,CL1#20,CL1#76,CL1#23,CL1#36,CL1#21,CL1#51,CL1#89,CL1#91,CL1#62,CL1#54,CL1#69,CL1#16,CL1#27,CL1#88
Cygnus,Progress,Kounotori,Dragon,84,|[88.45376496797547, 86.4651923076923]|
CL1#92,CL1#79,CL1#59,CL1#6,CL1#77,CL1#64,CL1#80,CL1#68,CL1#94,CL1#26,CL1#49,CL1#4,CL1#56,CL1#74,CL1#9,CL1#43,CL1#90,CL1#15
CL1#45,CL1#53,CL1#40,CL1#55,CL1#18,CL1#67,CL1#29,CL1#35,CL1#75,CL1#37,CL1#81,CL1#78,CL1#71,CL1#46,CL1#3,CL1#98
CL1#66,CL1#96,CL1#2,CL1#7,CL1#19,CL1#1,CL1#8,CL1#42,CL1#24,CL1#48,CL1#95,CL1#60,CL1#10,CL1#52,CL1#70,CL1#28,CL1#47,CL1#73,CL1#65,CL1#97,CL1#100,CL1#63,CL1#99,CL1#87,CL1#5,CL1#17,CL1#12,CL1#85
CL1#41,CL1#11,CL1#14,CL1#25,CL1#72,CL1#13,CL1#32,CL1#58,CL1#20,CL1#76,CL1#23,CL1#36,CL1#21,CL1#51,CL1#89,CL1#91,CL1#62,CL1#54,CL1#16,CL1#27,CL1#88,CL1#69
Cygnus,Progress,Kounotori,Dragon,84,|[88.45947925368976, 86.43762820512819]|
CL1#79,CL1#59,CL1#77,CL1#64,CL1#80,CL1#68,CL1#94,CL1#26,CL1#49,CL1#4,CL1#56,CL1#74,CL1#9,CL1#43,CL1#90,CL1#15,CL1#92,CL1#6
CL1#45,CL1#53,CL1#40,CL1#55,CL1#18,CL1#67,CL1#29,CL1#35,CL1#75,CL1#37,CL1#81,CL1#78,CL1#71,CL1#46,CL1#3,CL1#98
CL1#66,CL1#96,CL1#2,CL1#7,CL1#19,CL1#1,CL1#8,CL1#24,CL1#48,CL1#95,CL1#60,CL1#10,CL1#52,CL1#70,CL1#28,CL1#47,CL1#73,CL1#65,CL1#97,CL1#100,CL1#99,CL1#87,CL1#5,CL1#17,CL1#12,CL1#85,CL1#42,CL1#76
CL1#41,CL1#11,CL1#14,CL1#25,CL1#72,CL1#13,CL1#32,CL1#58,CL1#20,CL1#23,CL1#36,CL1#21,CL1#51,CL1#89,CL1#91,CL1#62,CL1#54,CL1#16,CL1#27,CL1#88,CL1#69,CL1#63
Cygnus,Progress,Kounotori,Dragon,84,|[88.48951684767474, 86.3786217948718]|
CL1#79,CL1#59,CL1#77,CL1#80,CL1#68,CL1#94,CL1#26,CL1#49,CL1#4,CL1#56,CL1#74,CL1#9,CL1#43,CL1#90,CL1#15,CL1#92,CL1#6,CL1#64
CL1#45,CL1#53,CL1#40,CL1#55,CL1#18,CL1#67,CL1#29,CL1#75,CL1#37,CL1#81,CL1#78,CL1#71,CL1#46,CL1#3,CL1#98,CL1#76
CL1#66,CL1#96,CL1#2,CL1#7,CL1#19,CL1#1,CL1#8,CL1#24,CL1#48,CL1#95,CL1#60,CL1#10,CL1#52,CL1#70,CL1#28,CL1#47,CL1#73,CL1#65,CL1#97,CL1#100,CL1#99,CL1#5,CL1#17,CL1#12,CL1#85,CL1#42,CL1#87,CL1#23
CL1#41,CL1#11,CL1#14,CL1#25,CL1#72,CL1#13,CL1#32,CL1#58,CL1#20,CL1#36,CL1#21,CL1#51,CL1#89,CL1#91,CL1#62,CL1#54,CL1#16,CL1#27,CL1#88,CL1#69,CL1#63,CL1#35
Cygnus,Progress,Kounotori,Dragon,84,|[88.48880256196045, 86.37157051282051]|
CL1#79,CL1#59,CL1#77,CL1#80,CL1#68,CL1#26,CL1#49,CL1#4,CL1#56,CL1#43,CL1#90,CL1#15,CL1#92,CL1#6,CL1#64,CL1#74,CL1#9,CL1#94
CL1#45,CL1#53,CL1#40,CL1#55,CL1#18,CL1#67,CL1#29,CL1#75,CL1#37,CL1#81,CL1#78,CL1#71,CL1#46,CL1#3,CL1#98,CL1#76
CL1#66,CL1#96,CL1#2,CL1#7,CL1#19,CL1#1,CL1#8,CL1#24,CL1#48,CL1#60,CL1#10,CL1#52,CL1#70,CL1#28,CL1#47,CL1#73,CL1#65,CL1#97,CL1#100,CL1#99,CL1#5,CL1#17,CL1#12,CL1#85,CL1#42,CL1#87,CL1#23,CL1#35
CL1#41,CL1#11,CL1#14,CL1#25,CL1#72,CL1#13,CL1#32,CL1#58,CL1#20,CL1#36,CL1#21,CL1#51,CL1#89,CL1#91,CL1#62,CL1#54,CL1#16,CL1#27,CL1#88,CL1#69,CL1#63,CL1#95
Cygnus,Progress,Kounotori,Dragon,84,|[88.48880256196045, 86.33516025641026]|
CL1#79,CL1#59,CL1#77,CL1#80,CL1#68,CL1#26,CL1#49,CL1#4,CL1#56,CL1#43,CL1#90,CL1#15,CL1#92,CL1#6,CL1#64,CL1#9,CL1#94,CL1#74
CL1#45,CL1#40,CL1#55,CL1#18,CL1#67,CL1#29,CL1#75,CL1#37,CL1#81,CL1#78,CL1#71,CL1#46,CL1#3,CL1#98,CL1#76,CL1#53
CL1#66,CL1#96,CL1#2,CL1#7,CL1#19,CL1#1,CL1#8,CL1#24,CL1#48,CL1#60,CL1#10,CL1#52,CL1#70,CL1#28,CL1#47,CL1#73,CL1#65,CL1#97,CL1#100,CL1#99,CL1#5,CL1#12,CL1#85,CL1#42,CL1#87,CL1#23,CL1#20,CL1#35
CL1#41,CL1#11,CL1#14,CL1#25,CL1#72,CL1#13,CL1#32,CL1#58,CL1#36,CL1#21,CL1#51,CL1#89,CL1#91,CL1#62,CL1#54,CL1#16,CL1#27,CL1#88,CL1#69,CL1#63,CL1#95,CL1#17
Cygnus,Progress,Kounotori,Dragon,84,|[88.43748677248678, 86.27078525641025]|
CL1#79,CL1#59,CL1#77,CL1#80,CL1#68,CL1#26,CL1#49,CL1#4,CL1#56,CL1#43,CL1#90,CL1#15,CL1#92,CL1#64,CL1#9,CL1#94,CL1#74,CL1#6
CL1#45,CL1#40,CL1#55,CL1#18,CL1#67,CL1#29,CL1#75,CL1#37,CL1#81,CL1#78,CL1#71,CL1#3,CL1#98,CL1#76,CL1#53,CL1#54
CL1#66,CL1#96,CL1#2,CL1#7,CL1#19,CL1#1,CL1#8,CL1#24,CL1#48,CL1#60,CL1#10,CL1#52,CL1#70,CL1#28,CL1#47,CL1#73,CL1#65,CL1#97,CL1#100,CL1#99,CL1#5,CL1#12,CL1#42,CL1#23,CL1#20,CL1#35,CL1#85,CL1#87
CL1#41,CL1#11,CL1#14,CL1#25,CL1#72,CL1#13,CL1#32,CL1#58,CL1#36,CL1#21,CL1#51,CL1#89,CL1#91,CL1#62,CL1#16,CL1#27,CL1#88,CL1#69,CL1#63,CL1#95,CL1#17,CL1#46
Cygnus,Progress,Kounotori,Dragon,84,|[88.43748677248676, 86.27078525641025]|
CL1#59,CL1#77,CL1#80,CL1#68,CL1#26,CL1#49,CL1#4,CL1#56,CL1#43,CL1#90,CL1#92,CL1#64,CL1#9,CL1#94,CL1#74,CL1#6,CL1#79,CL1#15
CL1#45,CL1#40,CL1#55,CL1#18,CL1#67,CL1#29,CL1#75,CL1#37,CL1#81,CL1#78,CL1#71,CL1#3,CL1#98,CL1#76,CL1#53,CL1#54
CL1#66,CL1#96,CL1#2,CL1#7,CL1#19,CL1#8,CL1#24,CL1#48,CL1#60,CL1#10,CL1#70,CL1#28,CL1#47,CL1#73,CL1#65,CL1#97,CL1#100,CL1#99,CL1#5,CL1#12,CL1#42,CL1#23,CL1#20,CL1#35,CL1#85,CL1#87,CL1#52,CL1#1
CL1#41,CL1#11,CL1#14,CL1#25,CL1#72,CL1#13,CL1#32,CL1#58,CL1#36,CL1#21,CL1#51,CL1#89,CL1#91,CL1#62,CL1#16,CL1#27,CL1#88,CL1#69,CL1#63,CL1#17,CL1#46,CL1#95
Cygnus,Progress,Kounotori,Dragon,84,|[88.3142724867725, 86.3856891025641]|
CL1#59,CL1#77,CL1#80,CL1#68,CL1#49,CL1#4,CL1#56,CL1#43,CL1#92,CL1#64,CL1#9,CL1#94,CL1#74,CL1#6,CL1#79,CL1#15,CL1#52,CL1#90
CL1#45,CL1#40,CL1#55,CL1#18,CL1#67,CL1#29,CL1#75,CL1#37,CL1#81,CL1#78,CL1#71,CL1#3,CL1#98,CL1#76,CL1#53,CL1#54
CL1#66,CL1#96,CL1#2,CL1#7,CL1#19,CL1#8,CL1#24,CL1#48,CL1#60,CL1#10,CL1#70,CL1#28,CL1#47,CL1#73,CL1#65,CL1#97,CL1#100,CL1#99,CL1#5,CL1#12,CL1#42,CL1#23,CL1#20,CL1#35,CL1#85,CL1#87,CL1#38,CL1#1
CL1#41,CL1#11,CL1#14,CL1#25,CL1#72,CL1#13,CL1#32,CL1#36,CL1#21,CL1#51,CL1#89,CL1#91,CL1#62,CL1#16,CL1#27,CL1#88,CL1#69,CL1#63,CL1#17,CL1#46,CL1#95,CL1#58
Cygnus,Progress,Kounotori,Dragon,84,|[88.19404692286271, 86.41201923076923]|
CL1#77,CL1#80,CL1#68,CL1#49,CL1#4,CL1#56,CL1#43,CL1#92,CL1#64,CL1#9,CL1#94,CL1#74,CL1#6,CL1#79,CL1#15,CL1#52,CL1#90,CL1#59
CL1#45,CL1#40,CL1#55,CL1#18,CL1#67,CL1#29,CL1#75,CL1#37,CL1#81,CL1#78,CL1#3,CL1#98,CL1#76,CL1#53,CL1#54,CL1#91
CL1#66,CL1#96,CL1#2,CL1#7,CL1#19,CL1#8,CL1#24,CL1#48,CL1#60,CL1#10,CL1#70,CL1#28,CL1#47,CL1#73,CL1#65,CL1#97,CL1#100,CL1#99,CL1#5,CL1#12,CL1#42,CL1#23,CL1#20,CL1#35,CL1#85,CL1#87,CL1#38,CL1#71
CL1#41,CL1#11,CL1#14,CL1#25,CL1#72,CL1#13,CL1#32,CL1#36,CL1#21,CL1#51,CL1#89,CL1#62,CL1#16,CL1#27,CL1#88,CL1#69,CL1#63,CL1#17,CL1#95,CL1#58,CL1#1,CL1#46
Cygnus,Progress,Kounotori,Dragon,84,|[88.20654692286271, 86.36875]|
CL1#77,CL1#80,CL1#68,CL1#49,CL1#4,CL1#56,CL1#43,CL1#92,CL1#64,CL1#9,CL1#94,CL1#74,CL1#6,CL1#79,CL1#52,CL1#90,CL1#59,CL1#15
CL1#45,CL1#40,CL1#55,CL1#18,CL1#67,CL1#29,CL1#75,CL1#37,CL1#81,CL1#78,CL1#3,CL1#98,CL1#76,CL1#53,CL1#54,CL1#91
CL1#66,CL1#96,CL1#2,CL1#7,CL1#19,CL1#8,CL1#24,CL1#48,CL1#10,CL1#70,CL1#28,CL1#47,CL1#73,CL1#65,CL1#100,CL1#99,CL1#5,CL1#12,CL1#42,CL1#23,CL1#20,CL1#35,CL1#85,CL1#87,CL1#71,CL1#97,CL1#31,CL1#60
CL1#41,CL1#11,CL1#14,CL1#25,CL1#72,CL1#13,CL1#32,CL1#36,CL1#21,CL1#51,CL1#89,CL1#62,CL1#16,CL1#27,CL1#88,CL1#69,CL1#63,CL1#17,CL1#95,CL1#58,CL1#1,CL1#46
Cygnus,Progress,Kounotori,Dragon,84,|[88.21368978000557, 86.34528846153846]|
CL1#80,CL1#68,CL1#49,CL1#4,CL1#56,CL1#43,CL1#92,CL1#64,CL1#9,CL1#94,CL1#74,CL1#6,CL1#79,CL1#52,CL1#90,CL1#59,CL1#15,CL1#77
CL1#45,CL1#40,CL1#55,CL1#18,CL1#67,CL1#29,CL1#75,CL1#37,CL1#81,CL1#78,CL1#3,CL1#98,CL1#76,CL1#53,CL1#54,CL1#91
CL1#66,CL1#96,CL1#2,CL1#7,CL1#19,CL1#8,CL1#24,CL1#48,CL1#10,CL1#70,CL1#28,CL1#47,CL1#65,CL1#99,CL1#5,CL1#12,CL1#42,CL1#23,CL1#20,CL1#35,CL1#85,CL1#71,CL1#97,CL1#31,CL1#60,CL1#100,CL1#87,CL1#95
CL1#41,CL1#11,CL1#14,CL1#25,CL1#72,CL1#13,CL1#32,CL1#36,CL1#21,CL1#51,CL1#89,CL1#62,CL1#16,CL1#27,CL1#88,CL1#69,CL1#63,CL1#17,CL1#58,CL1#1,CL1#46,CL1#73
Cygnus,Progress,Kounotori,Dragon,84,|[88.27384015594542, 86.27966346153846]|
CL1#80,CL1#68,CL1#49,CL1#4,CL1#56,CL1#43,CL1#92,CL1#64,CL1#9,CL1#94,CL1#74,CL1#6,CL1#79,CL1#52,CL1#90,CL1#15,CL1#77,CL1#59
CL1#45,CL1#40,CL1#55,CL1#18,CL1#67,CL1#29,CL1#75,CL1#37,CL1#81,CL1#78,CL1#98,CL1#76,CL1#53,CL1#54,CL1#91,CL1#28
CL1#66,CL1#96,CL1#2,CL1#7,CL1#19,CL1#8,CL1#48,CL1#10,CL1#70,CL1#47,CL1#65,CL1#99,CL1#5,CL1#12,CL1#42,CL1#23,CL1#20,CL1#35,CL1#85,CL1#71,CL1#97,CL1#31,CL1#60,CL1#100,CL1#87,CL1#95,CL1#24,CL1#3
CL1#41,CL1#11,CL1#14,CL1#72,CL1#13,CL1#32,CL1#36,CL1#21,CL1#51,CL1#89,CL1#62,CL1#16,CL1#27,CL1#88,CL1#69,CL1#63,CL1#17,CL1#58,CL1#1,CL1#46,CL1#73,CL1#25
Cygnus,Progress,Kounotori,Dragon,84,|[88.23884015594543, 86.29536858974359]|
CL1#80,CL1#68,CL1#49,CL1#4,CL1#56,CL1#43,CL1#92,CL1#64,CL1#9,CL1#94,CL1#74,CL1#6,CL1#52,CL1#90,CL1#15,CL1#77,CL1#59,CL1#79
CL1#45,CL1#40,CL1#55,CL1#18,CL1#67,CL1#29,CL1#75,CL1#37,CL1#81,CL1#78,CL1#98,CL1#76,CL1#53,CL1#54,CL1#91,CL1#28
CL1#66,CL1#96,CL1#2,CL1#7,CL1#19,CL1#8,CL1#48,CL1#10,CL1#70,CL1#47,CL1#65,CL1#99,CL1#5,CL1#12,CL1#42,CL1#23,CL1#20,CL1#35,CL1#71,CL1#97,CL1#31,CL1#60,CL1#100,CL1#87,CL1#95,CL1#24,CL1#3,CL1#41
CL1#11,CL1#14,CL1#72,CL1#13,CL1#32,CL1#36,CL1#21,CL1#51,CL1#89,CL1#62,CL1#16,CL1#27,CL1#88,CL1#69,CL1#63,CL1#17,CL1#58,CL1#1,CL1#73,CL1#25,CL1#85,CL1#46
Cygnus,Progress,Kounotori,Dragon,84,|[88.02483430799222, 86.4291185897436]|
CL1#80,CL1#68,CL1#49,CL1#4,CL1#56,CL1#43,CL1#92,CL1#64,CL1#9,CL1#94,CL1#6,CL1#52,CL1#90,CL1#15,CL1#77,CL1#59,CL1#79,CL1#29
CL1#45,CL1#40,CL1#55,CL1#18,CL1#67,CL1#75,CL1#37,CL1#81,CL1#78,CL1#98,CL1#76,CL1#53,CL1#54,CL1#91,CL1#28,CL1#74
CL1#66,CL1#96,CL1#2,CL1#7,CL1#19,CL1#8,CL1#48,CL1#10,CL1#47,CL1#65,CL1#99,CL1#5,CL1#12,CL1#42,CL1#23,CL1#20,CL1#35,CL1#71,CL1#97,CL1#31,CL1#60,CL1#100,CL1#87,CL1#95,CL1#24,CL1#3,CL1#41,CL1#70
CL1#11,CL1#14,CL1#72,CL1#13,CL1#32,CL1#36,CL1#21,CL1#51,CL1#89,CL1#27,CL1#88,CL1#69,CL1#63,CL1#17,CL1#58,CL1#1,CL1#73,CL1#25,CL1#85,CL1#46,CL1#38,CL1#16
Cygnus,Progress,Kounotori,Dragon,84,|[88.01769145084936, 86.3651762820513]|
CL1#80,CL1#68,CL1#49,CL1#4,CL1#56,CL1#43,CL1#92,CL1#64,CL1#94,CL1#6,CL1#52,CL1#90,CL1#15,CL1#77,CL1#59,CL1#79,CL1#29,CL1#9
CL1#45,CL1#40,CL1#55,CL1#18,CL1#67,CL1#75,CL1#37,CL1#81,CL1#78,CL1#98,CL1#76,CL1#53,CL1#54,CL1#91,CL1#28,CL1#74
CL1#66,CL1#96,CL1#2,CL1#7,CL1#19,CL1#8,CL1#48,CL1#10,CL1#47,CL1#65,CL1#99,CL1#5,CL1#42,CL1#23,CL1#20,CL1#35,CL1#71,CL1#97,CL1#60,CL1#100,CL1#87,CL1#95,CL1#24,CL1#3,CL1#41,CL1#70,CL1#62,CL1#12
CL1#11,CL1#14,CL1#72,CL1#13,CL1#32,CL1#36,CL1#21,CL1#51,CL1#89,CL1#27,CL1#88,CL1#63,CL1#17,CL1#58,CL1#1,CL1#73,CL1#25,CL1#85,CL1#46,CL1#16,CL1#38,CL1#69
Cygnus,Progress,Kounotori,Dragon,84,|[88.03519145084935, 86.32767628205127]|
CL1#80,CL1#49,CL1#4,CL1#56,CL1#43,CL1#92,CL1#64,CL1#94,CL1#6,CL1#52,CL1#90,CL1#15,CL1#77,CL1#59,CL1#79,CL1#29,CL1#9,CL1#68
CL1#45,CL1#40,CL1#55,CL1#18,CL1#67,CL1#75,CL1#37,CL1#81,CL1#78,CL1#98,CL1#76,CL1#53,CL1#54,CL1#91,CL1#28,CL1#74
CL1#66,CL1#96,CL1#2,CL1#7,CL1#19,CL1#8,CL1#48,CL1#10,CL1#47,CL1#65,CL1#99,CL1#5,CL1#42,CL1#23,CL1#20,CL1#35,CL1#71,CL1#97,CL1#60,CL1#100,CL1#87,CL1#95,CL1#24,CL1#3,CL1#41,CL1#70,CL1#62,CL1#12
CL1#14,CL1#72,CL1#13,CL1#32,CL1#36,CL1#21,CL1#51,CL1#89,CL1#27,CL1#88,CL1#63,CL1#17,CL1#1,CL1#73,CL1#25,CL1#85,CL1#46,CL1#16,CL1#69,CL1#31,CL1#58,CL1#11
Cygnus,Progress,Kounotori,Dragon,84,|[88.03233430799222, 86.31774038461538]|
CL1#80,CL1#49,CL1#4,CL1#56,CL1#43,CL1#92,CL1#64,CL1#94,CL1#6,CL1#52,CL1#15,CL1#77,CL1#59,CL1#79,CL1#29,CL1#9,CL1#68,CL1#90
CL1#45,CL1#40,CL1#55,CL1#18,CL1#67,CL1#75,CL1#37,CL1#81,CL1#78,CL1#98,CL1#76,CL1#53,CL1#54,CL1#91,CL1#28,CL1#74
CL1#66,CL1#96,CL1#2,CL1#7,CL1#19,CL1#8,CL1#48,CL1#47,CL1#65,CL1#99,CL1#5,CL1#42,CL1#23,CL1#20,CL1#35,CL1#71,CL1#97,CL1#60,CL1#100,CL1#87,CL1#95,CL1#24,CL1#41,CL1#70,CL1#62,CL1#12,CL1#63,CL1#3
CL1#14,CL1#72,CL1#13,CL1#32,CL1#36,CL1#21,CL1#51,CL1#89,CL1#27,CL1#88,CL1#17,CL1#1,CL1#73,CL1#25,CL1#85,CL1#46,CL1#16,CL1#69,CL1#31,CL1#58,CL1#11,CL1#10
Cygnus,Progress,Kounotori,Dragon,84,|[88.29334168755221, 85.47878205128205]|
CL1#80,CL1#49,CL1#56,CL1#43,CL1#92,CL1#64,CL1#94,CL1#6,CL1#52,CL1#15,CL1#77,CL1#59,CL1#79,CL1#29,CL1#9,CL1#68,CL1#90,CL1#33
CL1#45,CL1#40,CL1#55,CL1#18,CL1#67,CL1#75,CL1#37,CL1#81,CL1#78,CL1#98,CL1#76,CL1#91,CL1#28,CL1#74,CL1#26
CL1#66,CL1#96,CL1#2,CL1#7,CL1#19,CL1#8,CL1#48,CL1#47,CL1#65,CL1#99,CL1#5,CL1#42,CL1#23,CL1#20,CL1#71,CL1#97,CL1#60,CL1#100,CL1#87,CL1#95,CL1#24,CL1#41,CL1#70,CL1#62,CL1#12,CL1#63,CL1#3,CL1#35
CL1#14,CL1#72,CL1#13,CL1#32,CL1#36,CL1#21,CL1#51,CL1#89,CL1#27,CL1#88,CL1#17,CL1#1,CL1#73,CL1#25,CL1#85,CL1#46,CL1#16,CL1#69,CL1#58,CL1#11,CL1#10,CL1#53,CL1#54
Cygnus,Progress,Kounotori,Dragon,84,|[88.17693957115011, 85.48628205128206]|
CL1#80,CL1#49,CL1#56,CL1#43,CL1#92,CL1#64,CL1#94,CL1#6,CL1#52,CL1#15,CL1#77,CL1#59,CL1#79,CL1#29,CL1#90,CL1#9,CL1#4,CL1#68
CL1#45,CL1#40,CL1#55,CL1#18,CL1#67,CL1#75,CL1#37,CL1#81,CL1#78,CL1#98,CL1#76,CL1#91,CL1#28,CL1#74,CL1#26
CL1#66,CL1#96,CL1#2,CL1#7,CL1#19,CL1#8,CL1#48,CL1#47,CL1#65,CL1#99,CL1#5,CL1#42,CL1#23,CL1#20,CL1#71,CL1#97,CL1#60,CL1#100,CL1#87,CL1#95,CL1#24,CL1#41,CL1#70,CL1#62,CL1#63,CL1#3,CL1#35,CL1#12
CL1#14,CL1#72,CL1#13,CL1#32,CL1#36,CL1#21,CL1#51,CL1#89,CL1#27,CL1#88,CL1#17,CL1#1,CL1#73,CL1#25,CL1#85,CL1#46,CL1#16,CL1#69,CL1#58,CL1#11,CL1#10,CL1#53,CL1#54
Cygnus,Progress,Kounotori,Dragon,84,|[88.222052353105, 85.40326923076924]|
CL1#80,CL1#49,CL1#56,CL1#43,CL1#92,CL1#64,CL1#94,CL1#6,CL1#52,CL1#15,CL1#77,CL1#59,CL1#79,CL1#29,CL1#9,CL1#4,CL1#68,CL1#90
CL1#40,CL1#55,CL1#18,CL1#67,CL1#75,CL1#37,CL1#81,CL1#78,CL1#98,CL1#76,CL1#91,CL1#28,CL1#74,CL1#26,CL1#48
CL1#66,CL1#96,CL1#2,CL1#7,CL1#19,CL1#8,CL1#47,CL1#65,CL1#99,CL1#42,CL1#23,CL1#20,CL1#71,CL1#97,CL1#60,CL1#100,CL1#87,CL1#95,CL1#24,CL1#41,CL1#70,CL1#62,CL1#63,CL1#3,CL1#35,CL1#12,CL1#5,CL1#45
CL1#14,CL1#72,CL1#13,CL1#32,CL1#36,CL1#21,CL1#51,CL1#89,CL1#27,CL1#88,CL1#17,CL1#1,CL1#73,CL1#25,CL1#85,CL1#46,CL1#16,CL1#69,CL1#58,CL1#11,CL1#10,CL1#53,CL1#54
Cygnus,Progress,Kounotori,Dragon,84,|[88.22205235310498, 85.40326923076924]|
CL1#80,CL1#49,CL1#56,CL1#43,CL1#92,CL1#64,CL1#94,CL1#6,CL1#52,CL1#15,CL1#77,CL1#59,CL1#79,CL1#29,CL1#9,CL1#4,CL1#68,CL1#90
CL1#40,CL1#55,CL1#18,CL1#67,CL1#75,CL1#37,CL1#81,CL1#78,CL1#98,CL1#76,CL1#91,CL1#28,CL1#74,CL1#26,CL1#48
CL1#66,CL1#96,CL1#2,CL1#7,CL1#19,CL1#8,CL1#47,CL1#65,CL1#99,CL1#42,CL1#23,CL1#20,CL1#71,CL1#97,CL1#60,CL1#100,CL1#87,CL1#95,CL1#24,CL1#41,CL1#70,CL1#62,CL1#63,CL1#3,CL1#35,CL1#12,CL1#5,CL1#45
CL1#14,CL1#72,CL1#13,CL1#32,CL1#36,CL1#21,CL1#51,CL1#27,CL1#88,CL1#17,CL1#1,CL1#25,CL1#46,CL1#16,CL1#69,CL1#58,CL1#11,CL1#10,CL1#53,CL1#54,CL1#85,CL1#73,CL1#89
Cygnus,Progress,Kounotori,Dragon,84,|[88.20562378167642, 85.41307692307691]|
CL1#80,CL1#49,CL1#56,CL1#43,CL1#92,CL1#64,CL1#94,CL1#6,CL1#52,CL1#15,CL1#77,CL1#79,CL1#29,CL1#9,CL1#4,CL1#68,CL1#90,CL1#59
CL1#40,CL1#55,CL1#18,CL1#67,CL1#75,CL1#37,CL1#81,CL1#78,CL1#98,CL1#76,CL1#91,CL1#28,CL1#74,CL1#26,CL1#48
CL1#66,CL1#96,CL1#2,CL1#7,CL1#8,CL1#47,CL1#65,CL1#99,CL1#42,CL1#23,CL1#71,CL1#97,CL1#60,CL1#100,CL1#87,CL1#95,CL1#24,CL1#41,CL1#70,CL1#62,CL1#63,CL1#3,CL1#35,CL1#12,CL1#5,CL1#45,CL1#19,CL1#10
CL1#14,CL1#72,CL1#13,CL1#32,CL1#36,CL1#21,CL1#51,CL1#27,CL1#88,CL1#17,CL1#1,CL1#25,CL1#46,CL1#16,CL1#69,CL1#58,CL1#11,CL1#53,CL1#54,CL1#85,CL1#73,CL1#89,CL1#20
Cygnus,Progress,Kounotori,Dragon,84,|[88.20562378167642, 85.38846153846154]|
CL1#80,CL1#49,CL1#56,CL1#43,CL1#92,CL1#64,CL1#94,CL1#6,CL1#52,CL1#15,CL1#77,CL1#79,CL1#29,CL1#9,CL1#4,CL1#68,CL1#90,CL1#59
CL1#40,CL1#55,CL1#18,CL1#67,CL1#75,CL1#37,CL1#81,CL1#78,CL1#98,CL1#76,CL1#91,CL1#28,CL1#74,CL1#26,CL1#48
CL1#66,CL1#96,CL1#2,CL1#47,CL1#65,CL1#99,CL1#42,CL1#23,CL1#71,CL1#97,CL1#60,CL1#100,CL1#87,CL1#95,CL1#24,CL1#41,CL1#70,CL1#62,CL1#63,CL1#3,CL1#35,CL1#12,CL1#5,CL1#45,CL1#19,CL1#10,CL1#7,CL1#1
CL1#14,CL1#72,CL1#32,CL1#21,CL1#51,CL1#27,CL1#88,CL1#17,CL1#25,CL1#46,CL1#16,CL1#69,CL1#58,CL1#11,CL1#53,CL1#54,CL1#85,CL1#73,CL1#89,CL1#20,CL1#8,CL1#36,CL1#13
Cygnus,Progress,Kounotori,Dragon,84,|[88.20562378167641, 85.38846153846154]|
CL1#80,CL1#49,CL1#56,CL1#92,CL1#64,CL1#94,CL1#6,CL1#52,CL1#15,CL1#77,CL1#79,CL1#29,CL1#9,CL1#4,CL1#68,CL1#90,CL1#59,CL1#43
CL1#40,CL1#55,CL1#18,CL1#67,CL1#75,CL1#37,CL1#81,CL1#78,CL1#98,CL1#76,CL1#28,CL1#74,CL1#26,CL1#48,CL1#91
CL1#96,CL1#2,CL1#65,CL1#99,CL1#42,CL1#23,CL1#71,CL1#97,CL1#60,CL1#100,CL1#87,CL1#95,CL1#24,CL1#41,CL1#70,CL1#62,CL1#63,CL1#3,CL1#35,CL1#12,CL1#5,CL1#45,CL1#19,CL1#10,CL1#7,CL1#1,CL1#66,CL1#47
CL1#14,CL1#72,CL1#32,CL1#21,CL1#51,CL1#27,CL1#17,CL1#25,CL1#46,CL1#16,CL1#69,CL1#58,CL1#11,CL1#53,CL1#54,CL1#85,CL1#73,CL1#89,CL1#20,CL1#8,CL1#36,CL1#13,CL1#88
Cygnus,Progress,Kounotori,Dragon,84,|[88.20261626287942, 85.37219551282051]|
CL1#80,CL1#49,CL1#56,CL1#92,CL1#64,CL1#94,CL1#52,CL1#15,CL1#77,CL1#79,CL1#29,CL1#9,CL1#4,CL1#68,CL1#90,CL1#59,CL1#43,CL1#6
CL1#40,CL1#55,CL1#18,CL1#67,CL1#75,CL1#37,CL1#81,CL1#78,CL1#98,CL1#76,CL1#28,CL1#74,CL1#26,CL1#48,CL1#12
CL1#96,CL1#2,CL1#65,CL1#99,CL1#42,CL1#23,CL1#71,CL1#97,CL1#60,CL1#100,CL1#87,CL1#95,CL1#24,CL1#70,CL1#62,CL1#63,CL1#3,CL1#35,CL1#5,CL1#45,CL1#19,CL1#10,CL1#7,CL1#1,CL1#66,CL1#47,CL1#41,CL1#91
CL1#14,CL1#72,CL1#32,CL1#21,CL1#51,CL1#27,CL1#17,CL1#25,CL1#46,CL1#16,CL1#69,CL1#58,CL1#11,CL1#53,CL1#54,CL1#85,CL1#73,CL1#89,CL1#20,CL1#8,CL1#36,CL1#13,CL1#88
Cygnus,Progress,Kounotori,Dragon,84,|[88.19975912002228, 85.37290064102564]|
CL1#80,CL1#56,CL1#92,CL1#64,CL1#94,CL1#15,CL1#77,CL1#79,CL1#29,CL1#9,CL1#4,CL1#68,CL1#90,CL1#59,CL1#43,CL1#6,CL1#52,CL1#49
CL1#40,CL1#55,CL1#18,CL1#67,CL1#75,CL1#37,CL1#81,CL1#78,CL1#98,CL1#76,CL1#28,CL1#74,CL1#26,CL1#48,CL1#12
CL1#96,CL1#2,CL1#65,CL1#99,CL1#23,CL1#71,CL1#97,CL1#60,CL1#100,CL1#87,CL1#95,CL1#24,CL1#70,CL1#62,CL1#63,CL1#35,CL1#5,CL1#45,CL1#19,CL1#10,CL1#7,CL1#1,CL1#66,CL1#47,CL1#41,CL1#91,CL1#42,CL1#46
CL1#14,CL1#72,CL1#32,CL1#21,CL1#51,CL1#27,CL1#17,CL1#25,CL1#16,CL1#69,CL1#58,CL1#11,CL1#53,CL1#54,CL1#85,CL1#73,CL1#89,CL1#20,CL1#8,CL1#36,CL1#13,CL1#88,CL1#3
Cygnus,Progress,Kounotori,Dragon,84,|[88.19975912002226, 85.37290064102564]|
CL1#80,CL1#56,CL1#92,CL1#64,CL1#94,CL1#15,CL1#77,CL1#79,CL1#29,CL1#9,CL1#4,CL1#68,CL1#90,CL1#43,CL1#6,CL1#52,CL1#49,CL1#59
CL1#40,CL1#55,CL1#18,CL1#67,CL1#75,CL1#37,CL1#81,CL1#78,CL1#98,CL1#76,CL1#28,CL1#74,CL1#26,CL1#48,CL1#12
CL1#96,CL1#2,CL1#65,CL1#99,CL1#23,CL1#71,CL1#97,CL1#60,CL1#87,CL1#95,CL1#70,CL1#62,CL1#63,CL1#35,CL1#5,CL1#45,CL1#19,CL1#7,CL1#1,CL1#66,CL1#47,CL1#41,CL1#91,CL1#42,CL1#46,CL1#100,CL1#10,CL1#24
CL1#14,CL1#72,CL1#32,CL1#21,CL1#51,CL1#27,CL1#17,CL1#25,CL1#16,CL1#69,CL1#58,CL1#11,CL1#53,CL1#54,CL1#85,CL1#73,CL1#89,CL1#20,CL1#36,CL1#13,CL1#88,CL1#3,CL1#8
Cygnus,Progress,Kounotori,Dragon,84,|[88.19975912002226, 85.37290064102562]|
CL1#80,CL1#56,CL1#92,CL1#64,CL1#94,CL1#77,CL1#79,CL1#29,CL1#9,CL1#4,CL1#68,CL1#90,CL1#43,CL1#52,CL1#49,CL1#59,CL1#6,CL1#15
CL1#40,CL1#55,CL1#18,CL1#67,CL1#75,CL1#37,CL1#81,CL1#78,CL1#98,CL1#76,CL1#28,CL1#74,CL1#26,CL1#48,CL1#12
CL1#96,CL1#65,CL1#99,CL1#23,CL1#71,CL1#97,CL1#60,CL1#87,CL1#95,CL1#70,CL1#62,CL1#63,CL1#35,CL1#5,CL1#45,CL1#19,CL1#7,CL1#1,CL1#66,CL1#47,CL1#41,CL1#91,CL1#42,CL1#46,CL1#100,CL1#10,CL1#24,CL1#2
CL1#72,CL1#32,CL1#21,CL1#51,CL1#27,CL1#17,CL1#25,CL1#16,CL1#69,CL1#58,CL1#11,CL1#53,CL1#54,CL1#85,CL1#73,CL1#89,CL1#20,CL1#36,CL1#13,CL1#88,CL1#3,CL1#8,CL1#14
Cygnus,Progress,Kounotori,Dragon,84,|[88.20118769145084, 85.36443910256409]|
CL1#80,CL1#56,CL1#92,CL1#64,CL1#94,CL1#77,CL1#79,CL1#29,CL1#9,CL1#4,CL1#68,CL1#90,CL1#43,CL1#52,CL1#49,CL1#6,CL1#15,CL1#59
CL1#40,CL1#55,CL1#18,CL1#67,CL1#75,CL1#37,CL1#81,CL1#78,CL1#98,CL1#76,CL1#28,CL1#74,CL1#26,CL1#48,CL1#12
CL1#96,CL1#65,CL1#99,CL1#23,CL1#71,CL1#97,CL1#60,CL1#87,CL1#95,CL1#62,CL1#63,CL1#35,CL1#45,CL1#19,CL1#7,CL1#1,CL1#66,CL1#47,CL1#41,CL1#91,CL1#42,CL1#46,CL1#100,CL1#10,CL1#24,CL1#2,CL1#3,CL1#8
CL1#72,CL1#32,CL1#21,CL1#51,CL1#27,CL1#17,CL1#25,CL1#16,CL1#69,CL1#58,CL1#11,CL1#53,CL1#54,CL1#85,CL1#73,CL1#89,CL1#20,CL1#36,CL1#13,CL1#88,CL1#14,CL1#70,CL1#5
Cygnus,Progress,Kounotori,Dragon,84,|[88.21021024784183, 85.29320512820512]|
CL1#80,CL1#56,CL1#92,CL1#64,CL1#94,CL1#77,CL1#79,CL1#29,CL1#9,CL1#4,CL1#68,CL1#90,CL1#43,CL1#52,CL1#49,CL1#15,CL1#59,CL1#6
CL1#40,CL1#55,CL1#18,CL1#67,CL1#37,CL1#81,CL1#78,CL1#98,CL1#76,CL1#28,CL1#74,CL1#26,CL1#48,CL1#12,CL1#91
CL1#96,CL1#65,CL1#99,CL1#23,CL1#71,CL1#97,CL1#60,CL1#95,CL1#62,CL1#63,CL1#35,CL1#45,CL1#19,CL1#7,CL1#1,CL1#66,CL1#47,CL1#41,CL1#42,CL1#46,CL1#100,CL1#10,CL1#24,CL1#2,CL1#3,CL1#8,CL1#75,CL1#87
CL1#72,CL1#32,CL1#21,CL1#51,CL1#27,CL1#17,CL1#25,CL1#16,CL1#58,CL1#11,CL1#53,CL1#54,CL1#85,CL1#73,CL1#89,CL1#20,CL1#36,CL1#13,CL1#88,CL1#14,CL1#70,CL1#5,CL1#69
Cygnus,Progress,Kounotori,Dragon,84,|[88.21021024784181, 85.29320512820512]|
CL1#80,CL1#56,CL1#92,CL1#64,CL1#94,CL1#77,CL1#79,CL1#29,CL1#9,CL1#4,CL1#68,CL1#90,CL1#43,CL1#52,CL1#15,CL1#59,CL1#6,CL1#49
CL1#40,CL1#55,CL1#67,CL1#37,CL1#81,CL1#78,CL1#98,CL1#76,CL1#28,CL1#74,CL1#26,CL1#48,CL1#12,CL1#91,CL1#18
CL1#96,CL1#65,CL1#99,CL1#23,CL1#71,CL1#97,CL1#60,CL1#95,CL1#62,CL1#35,CL1#45,CL1#19,CL1#7,CL1#1,CL1#66,CL1#47,CL1#41,CL1#42,CL1#46,CL1#100,CL1#10,CL1#24,CL1#2,CL1#3,CL1#8,CL1#75,CL1#87,CL1#63
CL1#72,CL1#32,CL1#21,CL1#51,CL1#27,CL1#17,CL1#25,CL1#16,CL1#58,CL1#11,CL1#53,CL1#54,CL1#85,CL1#73,CL1#89,CL1#20,CL1#36,CL1#13,CL1#88,CL1#70,CL1#5,CL1#69,CL1#14
Cygnus,Progress,Kounotori,Dragon,84,|[88.01425160122528, 85.48663461538462]|
CL1#80,CL1#56,CL1#92,CL1#64,CL1#94,CL1#77,CL1#79,CL1#29,CL1#9,CL1#4,CL1#68,CL1#90,CL1#43,CL1#52,CL1#15,CL1#6,CL1#49,CL1#59
CL1#40,CL1#55,CL1#67,CL1#37,CL1#81,CL1#78,CL1#98,CL1#76,CL1#28,CL1#74,CL1#48,CL1#12,CL1#91,CL1#18,CL1#96
CL1#65,CL1#99,CL1#23,CL1#71,CL1#97,CL1#60,CL1#95,CL1#35,CL1#19,CL1#7,CL1#1,CL1#66,CL1#47,CL1#41,CL1#42,CL1#46,CL1#100,CL1#10,CL1#24,CL1#2,CL1#3,CL1#8,CL1#75,CL1#87,CL1#63,CL1#62,CL1#31,CL1#45
CL1#72,CL1#32,CL1#21,CL1#51,CL1#27,CL1#17,CL1#25,CL1#16,CL1#58,CL1#11,CL1#53,CL1#54,CL1#85,CL1#73,CL1#89,CL1#20,CL1#36,CL1#13,CL1#88,CL1#70,CL1#5,CL1#69,CL1#14
Cygnus,Progress,Kounotori,Dragon,84,|[88.04583054859371, 85.40754807692306]|
CL1#80,CL1#56,CL1#92,CL1#64,CL1#94,CL1#77,CL1#29,CL1#9,CL1#4,CL1#68,CL1#90,CL1#43,CL1#52,CL1#15,CL1#6,CL1#49,CL1#59,CL1#79
CL1#40,CL1#55,CL1#67,CL1#37,CL1#81,CL1#78,CL1#98,CL1#76,CL1#28,CL1#74,CL1#48,CL1#12,CL1#91,CL1#18,CL1#71
CL1#65,CL1#99,CL1#23,CL1#97,CL1#60,CL1#95,CL1#35,CL1#19,CL1#7,CL1#1,CL1#66,CL1#47,CL1#41,CL1#42,CL1#46,CL1#100,CL1#10,CL1#24,CL1#2,CL1#3,CL1#8,CL1#75,CL1#87,CL1#63,CL1#62,CL1#31,CL1#96,CL1#45
CL1#72,CL1#32,CL1#21,CL1#51,CL1#27,CL1#17,CL1#25,CL1#16,CL1#58,CL1#11,CL1#53,CL1#54,CL1#85,CL1#73,CL1#89,CL1#20,CL1#13,CL1#88,CL1#70,CL1#5,CL1#69,CL1#14,CL1#36
Cygnus,Progress,Kounotori,Dragon,84,|[88.0458305485937, 85.40754807692306]|
CL1#56,CL1#92,CL1#64,CL1#94,CL1#77,CL1#29,CL1#9,CL1#4,CL1#68,CL1#90,CL1#43,CL1#52,CL1#15,CL1#6,CL1#49,CL1#59,CL1#79,CL1#80
CL1#40,CL1#55,CL1#67,CL1#37,CL1#81,CL1#78,CL1#98,CL1#76,CL1#28,CL1#74,CL1#48,CL1#12,CL1#91,CL1#18,CL1#71
CL1#99,CL1#23,CL1#97,CL1#60,CL1#95,CL1#35,CL1#19,CL1#7,CL1#1,CL1#66,CL1#47,CL1#41,CL1#42,CL1#46,CL1#100,CL1#10,CL1#24,CL1#2,CL1#3,CL1#8,CL1#75,CL1#87,CL1#63,CL1#62,CL1#96,CL1#45,CL1#31,CL1#65
CL1#72,CL1#32,CL1#21,CL1#51,CL1#27,CL1#25,CL1#16,CL1#58,CL1#11,CL1#53,CL1#54,CL1#85,CL1#73,CL1#20,CL1#13,CL1#88,CL1#70,CL1#5,CL1#69,CL1#14,CL1#36,CL1#17,CL1#89
Cygnus,Progress,Kounotori,Dragon,84,|[88.031544834308, 85.4204967948718]|
CL1#56,CL1#92,CL1#64,CL1#94,CL1#77,CL1#29,CL1#9,CL1#4,CL1#68,CL1#90,CL1#52,CL1#15,CL1#6,CL1#59,CL1#79,CL1#80,CL1#43,CL1#49
CL1#40,CL1#55,CL1#67,CL1#37,CL1#81,CL1#78,CL1#98,CL1#76,CL1#28,CL1#74,CL1#12,CL1#91,CL1#18,CL1#71,CL1#48
CL1#99,CL1#23,CL1#97,CL1#60,CL1#35,CL1#19,CL1#7,CL1#1,CL1#66,CL1#47,CL1#41,CL1#42,CL1#46,CL1#100,CL1#10,CL1#24,CL1#2,CL1#3,CL1#8,CL1#75,CL1#87,CL1#63,CL1#62,CL1#96,CL1#45,CL1#31,CL1#65,CL1#5
CL1#72,CL1#32,CL1#21,CL1#51,CL1#27,CL1#25,CL1#16,CL1#58,CL1#11,CL1#53,CL1#54,CL1#85,CL1#73,CL1#20,CL1#13,CL1#88,CL1#70,CL1#69,CL1#14,CL1#36,CL1#17,CL1#89,CL1#95
Cygnus,Progress,Kounotori,Dragon,84,|[88.031544834308, 85.42049679487178]|
CL1#56,CL1#92,CL1#64,CL1#94,CL1#77,CL1#29,CL1#9,CL1#4,CL1#68,CL1#52,CL1#15,CL1#6,CL1#59,CL1#79,CL1#43,CL1#49,CL1#90,CL1#80
CL1#40,CL1#55,CL1#67,CL1#37,CL1#81,CL1#78,CL1#98,CL1#76,CL1#28,CL1#74,CL1#12,CL1#91,CL1#18,CL1#71,CL1#48
CL1#99,CL1#23,CL1#60,CL1#35,CL1#19,CL1#7,CL1#1,CL1#66,CL1#47,CL1#41,CL1#46,CL1#100,CL1#10,CL1#24,CL1#2,CL1#3,CL1#8,CL1#75,CL1#87,CL1#63,CL1#62,CL1#96,CL1#45,CL1#31,CL1#65,CL1#5,CL1#97,CL1#42
CL1#72,CL1#32,CL1#21,CL1#51,CL1#27,CL1#25,CL1#16,CL1#58,CL1#11,CL1#53,CL1#54,CL1#85,CL1#73,CL1#20,CL1#13,CL1#88,CL1#70,CL1#69,CL1#36,CL1#17,CL1#89,CL1#95,CL1#14
